"";"id";"Datum_Abgeschickt";"Schlussseite";"Sprache";"Zufallsstartwert";"Datum_erste_aktivität";"Datum_letzte_aktivität";"unnoetig1";"unnoetig2";"Alter";"Deutschkenntnisse";"Hauptwohnsitz";"Sehbeeinträchtigung";"unnoetig3";"Bezug_zum_Gesundheitssystem";"Geschlecht";"Bildungsabschluss";"Bildungsabschluss_Sonstiges";"Wo_Medizinische_Leistung";"Wo_Krankenversicherung";"pol_Orientierung";"Anzahl_pers_Kontakte_mit_Gesundheitssystem";"Systemabhängigkeit_Gruppe";"unnoetig4";"unnoetig5";"unnoetig6";"MC_Anteil";"MC_Quelle";"MC_Jahr_falsch";"MC_Jahr_korrekt";"M_Check_pers_Auswirkung";"M_Check_Erfolg";"M_Check_Kontrollfrage";"Studienziel";"unnoetig7";"unnoetig8";"Gesamtzeit";"unnoetig9";"unnoetig10";"unnoetig11";"unnoetig12";"unnoetig13";"unnoetig14";"unnoetig15";"unnoetig16";"unnoetig17";"unnoetig18";"unnoetig19";"unnoetig20";"unnoetig21";"unnoetig22";"unnoetig23";"unnoetig24";"unnoetig25";"unnoetig26";"unnoetig27";"unnoetig28";"unnoetig29";"unnoetig30";"unnoetig31";"unnoetig32";"unnoetig33";"unnoetig34";"unnoetig35";"unnoetig36";"unnoetig37";"unnoetig38";"unnoetig39";"unnoetig40";"unnoetig41";"unnoetig42";"unnoetig43";"unnoetig44";"unnoetig45";"unnoetig46"
"1";1;"";11;"de";1078822069;"2026-03-27 12:27:19";"2026-03-27 12:49:14";NA;NA;21;"Ja";"Ja";"Nein";NA;"Nein";"Männlich";"Gymnasium/Maturität";NA;"Zürich (ZH)";"Zürich (ZH)";"5 - Eher rechts";2;2;NA;NA;NA;"1/2";"BAG interne Wissenschaftler:innen, darunter eine Coautorin des Berichts";2038;"2058";"3";"1 (stimme überhaupt nicht zu)";5;"Herauszufinden inwiefern die Genauigkeit des Lesens von Berichten zur Meinungsbildung und Interpretation des Textes beiträgt. ";NA;NA;1317,14;43,45;NA;71,2;NA;12,79;NA;NA;NA;NA;NA;NA;113,82;NA;NA;NA;NA;NA;NA;NA;163,49;NA;NA;NA;479,96;NA;88,08;NA;NA;NA;NA;51,69;NA;227,22;NA;65,44;NA;NA;NA
"2";2;"";11;"de";2063139545;"2026-03-27 12:41:45";"2026-03-27 12:52:57";NA;NA;20;"Ja";"Ja";"Nein";NA;"Ja";"Weiblich";"Gymnasium/Maturität";NA;"Zürich (ZH)";"Zürich (ZH)";"4 - Mitte";8;1;NA;NA;NA;"1/3";"Professor für Datenanalyse";2038;"2058";"5";"6";5;"Den Zusammenhang zwischen der politischen Einstellung und der Einstellung gegenüber den Massnahmen der Regierung zu erfassen";NA;NA;674,6;57,65;NA;33,3;NA;20,63;NA;NA;NA;NA;NA;NA;57,04;NA;NA;NA;NA;NA;NA;NA;163,69;NA;NA;NA;192,77;NA;51,77;NA;NA;NA;NA;30,78;NA;48,48;NA;18,49;NA;NA;NA
"3";3;"2026-03-27 14:50:13";12;"de";1981731847;"2026-03-27 12:47:13";"2026-03-27 14:50:13";NA;NA;25;"Ja";"Ja";"Nein";NA;"Nein";"Männlich";"Gymnasium/Maturität";NA;"Schaffhausen (SH)";"Schaffhausen (SH)";"3 - Eher links";2;2;NA;NA;NA;"3/5";"BAG interne Wissenschaftler:innen, darunter eine Coautorin des Berichts";2038;"2058";"6";"5";5;"Vielleicht war das Ziel, zu überprüfen, wie sich das Mass an Misstrauen in das System, in dem man lebt (durch Text geprimt), darauf auswirkt, wie gross der wahrgenommene Einfluss des Systems auf das eigene Leben ist.";NA;NA;8152,23;21,15;NA;22,5;NA;16,27;NA;NA;NA;NA;NA;NA;138,94;NA;NA;NA;NA;NA;NA;NA;5429,26;NA;NA;NA;382,44;NA;45,71;NA;NA;NA;NA;68,17;NA;264,54;NA;224,45;NA;1538,8;NA
"4";4;"";11;"de";1834706352;"2026-03-27 12:52:29";"2026-03-27 13:04:07";NA;NA;21;"Ja";"Ja";"Nein";NA;"Nein";"Männlich";"Gymnasium/Maturität";NA;"Zürich (ZH)";"Zürich (ZH)";"4 - Mitte";1;2;NA;NA;NA;"3/5";"BAG interne Wissenschaftler:innen, darunter eine Coautorin des Berichts";2038;"2058";"7 (stimme voll und ganz zu)";"5";5;"Die Überprüfung der Validität von Datenerhebung über Umfragen";NA;NA;700,63;32,94;NA;11,15;NA;13,15;NA;NA;NA;NA;NA;NA;62,51;NA;NA;NA;NA;NA;NA;NA;124,63;NA;NA;NA;242,47;NA;54,16;NA;NA;NA;NA;42,03;NA;52,61;NA;64,98;NA;NA;NA
"5";5;"";3;"de";324071642;"2026-03-27 12:53:06";"2026-03-27 12:54:26";NA;NA;15;"Ja";"Ja";"Nein";NA;"N. v.";"";"";NA;"";"";"";NA;NA;NA;NA;NA;"";"";NA;"";"";"";NA;"";NA;NA;81,02;23,44;NA;31,11;NA;26,47;NA;NA;NA;NA;NA;NA;NA;NA;NA;NA;NA;NA;NA;NA;NA;NA;NA;NA;NA;NA;NA;NA;NA;NA;NA;NA;NA;NA;NA;NA;NA;NA;NA
"6";6;"2026-03-27 13:07:15";12;"de";132688534;"2026-03-27 12:53:46";"2026-03-27 13:07:15";NA;NA;21;"Ja";"Ja";"Nein";NA;"Nein";"Männlich";"Gymnasium/Maturität";NA;"Zürich (ZH)";"Zürich (ZH)";"2 - Links";50;1;NA;NA;NA;"3/5";"BAG interne Wissenschaftler:innen, darunter eine Coautorin des Berichts";2038;"2058";"5";"5";5;"Vorhandensein von Vertrauen in staatliche Institutionen in der Schweiz";NA;NA;810,7;5,29;NA;6,79;NA;10,23;NA;NA;NA;NA;NA;NA;65,24;NA;NA;NA;NA;NA;NA;NA;125,38;NA;NA;NA;194,61;NA;268,37;NA;NA;NA;NA;46,7;NA;67,19;NA;14,65;NA;6,25;NA
"7";7;"";11;"de";398346824;"2026-03-27 12:57:04";"2026-03-27 13:09:14";NA;NA;21;"Ja";"Ja";"Nein";NA;"Nein";"Weiblich";"Gymnasium/Maturität";NA;"Zürich (ZH)";"Zürich (ZH)";"2 - Links";6;2;NA;NA;NA;"Keine der oben genannten";"Kritiker Patrick Mäder, Forscher am unabhängigen Wirtschaftsinstitut NJL";2038;"2058";"5";"3";5;"Keine Ahning ";NA;NA;730,31;4,74;NA;5,91;NA;18,34;NA;NA;NA;NA;NA;NA;241,04;NA;NA;NA;NA;NA;NA;NA;128,45;NA;NA;NA;192,5;NA;71,1;NA;NA;NA;NA;50,66;NA;7,91;NA;9,66;NA;NA;NA
"8";8;"";NA;"de";831978422;"2026-03-27 12:57:39";"2026-03-27 12:57:39";NA;NA;NA;"N. v.";"N. v.";"N. v.";NA;"N. v.";"";"";NA;"";"";"";NA;NA;NA;NA;NA;"";"";NA;"";"";"";NA;"";NA;NA;0;NA;NA;NA;NA;NA;NA;NA;NA;NA;NA;NA;NA;NA;NA;NA;NA;NA;NA;NA;NA;NA;NA;NA;NA;NA;NA;NA;NA;NA;NA;NA;NA;NA;NA;NA;NA;NA;NA
"9";9;"2026-03-27 13:17:52";12;"de";737229988;"2026-03-27 13:02:36";"2026-03-27 13:17:52";NA;NA;19;"Ja";"Ja";"Nein";NA;"Nein";"Männlich";"Gymnasium/Maturität";NA;"Zürich (ZH)";"Zürich (ZH)";"2 - Links";11;1;NA;NA;NA;"3/4";"BAG interne Wissenschaftler:innen, darunter eine Coautorin des Berichts";2038;"2058";"6";"4";5;"Entweder es war das Ziel zu sehen was die politische Einstellung mit dem Vertrauen/Glauben des Bundesrats und dessen Funktion im Gesundheitssystem und Einfluss in unserem Privatleben zu tun hat, oder wie gut man sich Zahlen merken kann anstatt von Texten oder wie gut man sich die Information vom zweiten Text merken kann (da die Fragen eigentlich nur vom zweiten Text waren und nur Zahlen als Antworten gegeben wurden ausser bei der ersten Frage)";NA;NA;944,43;25,37;NA;22,78;NA;20,69;NA;NA;NA;NA;NA;NA;85,04;NA;NA;NA;NA;NA;NA;NA;141,82;NA;NA;NA;184,8;NA;135,46;NA;NA;NA;NA;32,43;NA;143,89;NA;98,71;NA;53,44;NA
"10";10;"2026-03-27 13:22:54";12;"de";283197369;"2026-03-27 13:05:53";"2026-03-27 13:22:54";NA;NA;21;"Ja";"Ja";"Nein";NA;"Nein";"Männlich";"Gymnasium/Maturität";NA;"Zürich (ZH)";"Zürich (ZH)";"2 - Links";4;2;NA;NA;NA;"1/3";"BAG interne Wissenschaftler:innen, darunter eine Coautorin des Berichts";2038;"2058";"7 (stimme voll und ganz zu)";"6";5;"Aufmerksamkeitsspannetest";NA;NA;1022,83;33,55;NA;13,34;NA;24,78;NA;NA;NA;NA;NA;NA;66,31;NA;NA;NA;NA;NA;NA;NA;131,12;NA;NA;NA;450,47;NA;59,22;NA;NA;NA;NA;76,94;NA;55,72;NA;100,18;NA;11,2;NA
"11";11;"";NA;"de";989382889;"2026-03-27 13:07:44";"2026-03-27 13:07:44";NA;NA;NA;"N. v.";"N. v.";"N. v.";NA;"N. v.";"";"";NA;"";"";"";NA;NA;NA;NA;NA;"";"";NA;"";"";"";NA;"";NA;NA;0;NA;NA;NA;NA;NA;NA;NA;NA;NA;NA;NA;NA;NA;NA;NA;NA;NA;NA;NA;NA;NA;NA;NA;NA;NA;NA;NA;NA;NA;NA;NA;NA;NA;NA;NA;NA;NA;NA
"12";12;"";11;"de";1523071728;"2026-03-27 13:13:57";"2026-03-27 13:25:53";NA;NA;21;"Ja";"Ja";"Nein";NA;"Nein";"Weiblich";"Gymnasium/Maturität";NA;"Zürich (ZH)";"Zürich (ZH)";"1 - Sehr links";14;1;NA;NA;NA;"3/5";"Kritiker Patrick Mäder, Forscher am unabhängigen Wirtschaftsinstitut NJL";2034;"2038";"4";"3";5;"Das ist mir nicht ersichtlich, ich vermute, dass politische Einstellungen eine Rolle spielen, da ich dies als ungewöhnliche Frage in den demografischen Angaben empfunden habe.";NA;NA;717,14;12,17;NA;3,34;NA;19,31;NA;NA;NA;NA;NA;NA;57,6;NA;NA;NA;NA;NA;NA;NA;123,7;NA;NA;NA;185,62;NA;80,42;NA;NA;NA;NA;45,47;NA;158,12;NA;31,39;NA;NA;NA
"13";13;"";5;"de";319585310;"2026-03-27 13:40:53";"2026-03-27 13:43:03";NA;NA;21;"Ja";"Ja";"Nein";NA;"Nein";"Männlich";"Gymnasium/Maturität";NA;"Zürich (ZH)";"Zürich (ZH)";"3 - Eher links";6;2;NA;NA;NA;"";"";NA;"";"";"";NA;"";NA;NA;131,1;5,36;NA;10,66;NA;22,03;NA;NA;NA;NA;NA;NA;93,05;NA;NA;NA;NA;NA;NA;NA;NA;NA;NA;NA;NA;NA;NA;NA;NA;NA;NA;NA;NA;NA;NA;NA;NA;NA;NA
"14";14;"";11;"de";1604857436;"2026-03-27 14:05:47";"2026-03-27 14:14:50";NA;NA;21;"Ja";"Ja";"Nein";NA;"Nein";"Weiblich";"Gymnasium/Maturität";NA;"Zug (ZG)";"Zug (ZG)";"3 - Eher links";3;2;NA;NA;NA;"1/3";"BAG interne Wissenschaftler:innen, darunter eine Coautorin des Berichts";2034;"2034";"5";"3";5;"Wie man zu Polizik steht";NA;NA;545,31;5,02;NA;3,27;NA;14,94;NA;NA;NA;NA;NA;NA;61,48;NA;NA;NA;NA;NA;NA;NA;142,42;NA;NA;NA;227,78;NA;30,61;NA;NA;NA;NA;35,71;NA;12,99;NA;11,09;NA;NA;NA
"15";15;"2026-03-27 14:45:19";12;"de";109636047;"2026-03-27 14:10:02";"2026-03-27 14:45:19";NA;NA;21;"Ja";"Ja";"Nein";NA;"Nein";"Weiblich";"Gymnasium/Maturität";NA;"Luzern (LU)";"Zug (ZG)";"4 - Mitte";10;2;NA;NA;NA;"Keine der oben genannten";"Professor für Datenanalyse";2038;"2043";"6";"6";5;"politische Einstellung und Einschätzung der Auswirkung des Bundesrats oderso";NA;NA;2178,1;608,51;NA;79,5;NA;39,81;NA;NA;NA;NA;NA;NA;111,22;NA;NA;NA;NA;NA;NA;NA;126,1;NA;NA;NA;911,44;NA;67,96;NA;NA;NA;NA;22,17;NA;27,49;NA;64,76;NA;119,14;NA
"16";16;"";5;"de";1165217317;"2026-03-27 14:10:54";"2026-03-27 14:13:07";NA;NA;54;"Ja";"Ja";"Nein";NA;"Nein";"Weiblich";"Bachelorabschluss (Fachhochschule (FH))";NA;"Zürich (ZH)";"Zürich (ZH)";"4 - Mitte";12;2;NA;NA;NA;"";"";NA;"";"";"";NA;"";NA;NA;132,57;32,11;NA;11,85;NA;21,88;NA;NA;NA;NA;NA;NA;66,73;NA;NA;NA;NA;NA;NA;NA;NA;NA;NA;NA;NA;NA;NA;NA;NA;NA;NA;NA;NA;NA;NA;NA;NA;NA;NA
"17";17;"";11;"de";16667023;"2026-03-27 14:22:25";"2026-03-27 14:35:02";NA;NA;20;"Ja";"Ja";"Nein";NA;"Nein";"Weiblich";"Gymnasium/Maturität";NA;"Zürich (ZH)";"Zürich (ZH)";"2 - Links";3;1;NA;NA;NA;"3/5";"BAG interne Wissenschaftler:innen, darunter eine Coautorin des Berichts";2038;"2058";"3";"2";5;"Ob dee Inhalt des Textes eine Einstellung verändert";NA;NA;756,07;26,41;NA;10,12;NA;15,14;NA;NA;NA;NA;NA;NA;67,97;NA;NA;NA;NA;NA;NA;NA;128,12;NA;NA;NA;215,24;NA;205,63;NA;NA;NA;NA;33,94;NA;27,06;NA;26,44;NA;NA;NA
"18";18;"";6;"de";56050347;"2026-03-27 14:27:09";"2026-03-27 14:31:42";NA;NA;21;"Ja";"Ja";"Nein";NA;"Ja";"Männlich";"Bachelorabschluss (Fachhochschule (FH))";NA;"Zürich (ZH)";"Zürich (ZH)";"5 - Eher rechts";6;1;NA;NA;NA;"";"";NA;"";"";"";NA;"";NA;NA;274,41;26,91;NA;35,6;NA;27,17;NA;NA;NA;NA;NA;NA;60,19;NA;NA;NA;NA;NA;NA;NA;124,54;NA;NA;NA;NA;NA;NA;NA;NA;NA;NA;NA;NA;NA;NA;NA;NA;NA;NA
"19";19;"2026-03-27 14:46:21";12;"de";1085057402;"2026-03-27 14:31:20";"2026-03-27 14:46:21";NA;NA;22;"Ja";"Ja";"Nein";NA;"Nein";"Weiblich";"Gymnasium/Maturität";NA;"Zürich (ZH)";"Zürich (ZH)";"2 - Links";20;1;NA;NA;NA;"1/3";"Journalist für Keystone-SDA";2038;"2058";"5";"2";5;"Möglicherweise etwas mit Priming untersuchen ";NA;NA;970,22;13,94;NA;29,55;NA;19,99;NA;NA;NA;NA;NA;NA;94,03;NA;NA;NA;NA;NA;NA;NA;171,14;NA;NA;NA;230,16;NA;78,97;NA;NA;NA;NA;49,76;NA;47,18;NA;99,34;NA;136,16;NA
"20";20;"2026-03-27 14:51:22";12;"de";1681135604;"2026-03-27 14:37:05";"2026-03-27 14:51:22";NA;NA;20;"Ja";"Ja";"Nein";NA;"Nein";"Männlich";"Gymnasium/Maturität";NA;"Zürich (ZH)";"Zürich (ZH)";"2 - Links";6;2;NA;NA;NA;"1/2";"BAG interne Wissenschaftler:innen, darunter eine Coautorin des Berichts";2058;"2038";"5";"5";5;"evtl. Aufmerksamkeit und Leseverständnis der Leser:innen mit ihrer politischen Meinung/Bildungsgrad zu vergleichen";NA;NA;861,75;19,37;NA;5,29;NA;13,74;NA;NA;NA;NA;NA;NA;51,63;NA;NA;NA;NA;NA;NA;NA;159,33;NA;NA;NA;299,36;NA;138,66;NA;NA;NA;NA;46,5;NA;83,68;NA;38,44;NA;5,75;NA
"21";21;"";6;"de";1160649804;"2026-03-27 14:39:00";"2026-03-27 14:55:32";NA;NA;19;"Ja";"Ja";"Nein";NA;"Nein";"Männlich";"Gymnasium/Maturität";NA;"Zürich (ZH)";"Zürich (ZH)";"1 - Sehr links";0;1;NA;NA;NA;"";"";NA;"";"";"";NA;"";NA;NA;992,34;67,19;NA;7,45;NA;37,2;NA;NA;NA;NA;NA;NA;49,54;NA;NA;NA;NA;NA;NA;NA;830,96;NA;NA;NA;NA;NA;NA;NA;NA;NA;NA;NA;NA;NA;NA;NA;NA;NA;NA
"22";22;"";9;"de";1625726410;"2026-03-27 14:49:20";"2026-03-27 15:09:46";NA;NA;21;"Ja";"Ja";"Nein";NA;"Nein";"Weiblich";"Gymnasium/Maturität";NA;"Zürich (ZH)";"Zürich (ZH)";"3 - Eher links";2;2;NA;NA;NA;"Keine der oben genannten";"Kritiker Patrick Mäder, Forscher am unabhängigen Wirtschaftsinstitut NJL";2038;"2058";"4";"4";5;"";NA;NA;1216,67;41,93;NA;7,11;NA;23,22;NA;NA;NA;NA;NA;NA;451,09;NA;NA;NA;NA;NA;NA;NA;170,65;NA;NA;NA;250,49;NA;183,3;NA;NA;NA;NA;58,7;NA;30,18;NA;NA;NA;NA;NA
"23";23;"2026-03-27 15:09:41";12;"de";1287243216;"2026-03-27 14:58:23";"2026-03-27 15:09:41";NA;NA;24;"Ja";"Ja";"Nein";NA;"Nein";"Männlich";"Gymnasium/Maturität";NA;"Aargau (AG)";"Aargau (AG)";"2 - Links";5;2;NA;NA;NA;"1/3";"Kritiker Patrick Mäder, Forscher am unabhängigen Wirtschaftsinstitut NJL";2038;"2058";"5";"2";5;"Zusammenhang zwischen politischer Ausrichtung und Bewertung des Gesundheitssystems und des Bundesrates und dessen Wirksamkeit oder Einfluss zu untersuchen.";NA;NA;720,71;15,06;NA;16,98;NA;17,74;NA;NA;NA;NA;NA;NA;56,15;NA;NA;NA;NA;NA;NA;NA;133,41;NA;NA;NA;218,68;NA;50,31;NA;NA;NA;NA;41,78;NA;61,7;NA;26,89;NA;82,01;NA
"24";24;"2026-03-27 15:21:46";12;"de";1782459611;"2026-03-27 15:10:20";"2026-03-27 15:21:46";NA;NA;21;"Ja";"Ja";"Nein";NA;"Nein";"Männlich";"Gymnasium/Maturität";NA;"Zürich (ZH)";"Zürich (ZH)";"3 - Eher links";1;2;NA;NA;NA;"Keine der oben genannten";"BAG interne Wissenschaftler:innen, darunter eine Coautorin des Berichts";2038;"2058";"6";"5";5;"Messen des Einflusses von Zeitungsartikeln auf politische Einstellung.";NA;NA;688,98;66,07;NA;13,23;NA;13,17;NA;NA;NA;NA;NA;NA;56,73;NA;NA;NA;NA;NA;NA;NA;123,53;NA;NA;NA;224,53;NA;67,3;NA;NA;NA;NA;29,95;NA;30,44;NA;60,44;NA;3,59;NA
"25";25;"2026-03-27 16:12:55";12;"de";2080211360;"2026-03-27 15:51:41";"2026-03-27 16:12:55";NA;NA;54;"Ja";"Ja";"Nein";NA;"Nein";"Weiblich";"Bachelorabschluss (Fachhochschule (FH))";NA;"Zürich (ZH)";"Zürich (ZH)";"4 - Mitte";12;2;NA;NA;NA;"Keine der oben genannten";"BAG interne Wissenschaftler:innen, darunter eine Coautorin des Berichts";2038;"2058";"3";"4";5;"Ich denke, es ging darum zu überprüfen, ob Menschen sich konzentrieren können, wenn sie an Studien teilnehmen.";NA;NA;1277,23;6,35;NA;3,79;NA;15,67;NA;NA;NA;NA;NA;NA;48,6;NA;NA;NA;NA;NA;NA;NA;347,54;NA;NA;NA;279,43;NA;401,13;NA;NA;NA;NA;56,42;NA;65,44;NA;47,68;NA;5,18;NA
"26";26;"2026-03-27 16:17:16";12;"de";346007308;"2026-03-27 16:06:28";"2026-03-27 16:17:16";NA;NA;21;"Ja";"Ja";"Nein";NA;"Ja";"Männlich";"Gymnasium/Maturität";NA;"Zürich (ZH)";"Zürich (ZH)";"6 - Rechts";5;2;NA;NA;NA;"2/5";"Keine der oben genannten";2058;"2038";"3";"5";5;"Unter anderem Feststellen der Aufmerksamkeit von Partizipierenden.";NA;NA;651,62;7,21;NA;13;NA;21,15;NA;NA;NA;NA;NA;NA;71,49;NA;NA;NA;NA;NA;NA;NA;152,48;NA;NA;NA;183,16;NA;45,67;NA;NA;NA;NA;24,77;NA;35,93;NA;55,65;NA;41,11;NA
"27";27;"";NA;"de";262467335;"2026-03-27 16:29:38";"2026-03-27 16:29:38";NA;NA;NA;"N. v.";"N. v.";"N. v.";NA;"N. v.";"";"";NA;"";"";"";NA;NA;NA;NA;NA;"";"";NA;"";"";"";NA;"";NA;NA;0;NA;NA;NA;NA;NA;NA;NA;NA;NA;NA;NA;NA;NA;NA;NA;NA;NA;NA;NA;NA;NA;NA;NA;NA;NA;NA;NA;NA;NA;NA;NA;NA;NA;NA;NA;NA;NA;NA
"28";28;"2026-03-27 16:56:16";12;"de";1224085414;"2026-03-27 16:37:18";"2026-03-27 16:56:16";NA;NA;21;"Ja";"Ja";"Nein";NA;"Nein";"Weiblich";"Gymnasium/Maturität";NA;"Zürich (ZH)";"Zürich (ZH)";"2 - Links";15;2;NA;NA;NA;"1/3";"BAG interne Wissenschaftler:innen, darunter eine Coautorin des Berichts";2038;"2058";"5";"3";5;"aufnahme von zwei texten direkt hintereinander und konzentriertes lesen";NA;NA;1138,98;34,59;NA;14,77;NA;56,2;NA;NA;NA;NA;NA;NA;273,27;NA;NA;NA;NA;NA;NA;NA;148,14;NA;NA;NA;212,56;NA;115,86;NA;NA;NA;NA;68,31;NA;119,45;NA;86,05;NA;9,78;NA
"29";29;"2026-03-27 16:59:45";12;"de";994251443;"2026-03-27 16:44:52";"2026-03-27 16:59:45";NA;NA;58;"Ja";"Ja";"Nein";NA;"Nein";"Männlich";"Masterabschluss (Universität/ETH)";NA;"Zürich (ZH)";"Zürich (ZH)";"6 - Rechts";3;1;NA;NA;NA;"1/3";"BAG interne Wissenschaftler:innen, darunter eine Coautorin des Berichts";2058;"2038";"1 (stimme überhaupt nicht zu)";"2";5;"Aufmerksamkeit testen ";NA;NA;895,02;14,86;NA;18,23;NA;43,05;NA;NA;NA;NA;NA;NA;95,63;NA;NA;NA;NA;NA;NA;NA;161,29;NA;NA;NA;228,43;NA;112,28;NA;NA;NA;NA;50,88;NA;71,95;NA;76,84;NA;21,58;NA
"30";30;"";11;"de";1895571184;"2026-03-27 17:02:09";"2026-03-27 17:11:39";NA;NA;18;"Ja";"Ja";"Nein";NA;"Nein";"Divers";"Gymnasium/Maturität";NA;"Zürich (ZH)";"Zürich (ZH)";"3 - Eher links";0;1;NA;NA;NA;"1/3";"Kritiker Patrick Mäder, Forscher am unabhängigen Wirtschaftsinstitut NJL";2038;"2058";"4";"2";5;"Keine Ahnung";NA;NA;573,89;9,65;NA;14,67;NA;14,06;NA;NA;NA;NA;NA;NA;48,47;NA;NA;NA;NA;NA;NA;NA;127,45;NA;NA;NA;269,29;NA;36,09;NA;NA;NA;NA;22,09;NA;6,26;NA;25,86;NA;NA;NA
"31";31;"";NA;"de";1132208339;"2026-03-27 17:06:31";"2026-03-27 17:06:31";NA;NA;NA;"N. v.";"N. v.";"N. v.";NA;"N. v.";"";"";NA;"";"";"";NA;NA;NA;NA;NA;"";"";NA;"";"";"";NA;"";NA;NA;0;NA;NA;NA;NA;NA;NA;NA;NA;NA;NA;NA;NA;NA;NA;NA;NA;NA;NA;NA;NA;NA;NA;NA;NA;NA;NA;NA;NA;NA;NA;NA;NA;NA;NA;NA;NA;NA;NA
"32";32;"";6;"de";2083109899;"2026-03-27 17:08:43";"2026-03-27 17:17:41";NA;NA;20;"Ja";"Ja";"Nein";NA;"Nein";"Männlich";"Gymnasium/Maturität";NA;"Aargau (AG)";"Aargau (AG)";"3 - Eher links";10;1;NA;NA;NA;"";"";NA;"";"";"";NA;"";NA;NA;537,92;6,3;NA;4,65;NA;13,47;NA;NA;NA;NA;NA;NA;57,38;NA;NA;NA;NA;NA;NA;NA;456,12;NA;NA;NA;NA;NA;NA;NA;NA;NA;NA;NA;NA;NA;NA;NA;NA;NA;NA
"33";33;"2026-03-27 17:27:29";12;"de";709231826;"2026-03-27 17:09:11";"2026-03-27 17:27:29";NA;NA;19;"Ja";"Ja";"Nein";NA;"Nein";"Weiblich";"Gymnasium/Maturität";NA;"Zürich (ZH)";"Zürich (ZH)";"3 - Eher links";1;2;NA;NA;NA;"3/5";"BAG interne Wissenschaftler:innen, darunter eine Coautorin des Berichts";2038;"2058";"4";"4";5;"Einfluss des Artikels auf die Meinungsbildung bezüglich dem Einfluss des Bundes auf das persönliche Leben von Schweizer. Durch Ablenkung (2. Artikel) soll die eignen Meinungsbildung verhindert werden und der Einfluss des 1. Artikels auf die Eigene Meinung maximiert. ";NA;NA;1168,03;44,55;NA;24,92;NA;25,07;NA;NA;NA;NA;NA;NA;135,63;NA;NA;NA;NA;NA;NA;NA;165,06;NA;NA;NA;321,23;NA;65,41;NA;NA;NA;NA;52,33;NA;94,95;NA;105,66;NA;133,22;NA
"34";34;"";11;"de";1230908932;"2026-03-27 17:12:13";"2026-03-27 17:21:50";NA;NA;20;"Ja";"Ja";"Nein";NA;"Nein";"Weiblich";"Gymnasium/Maturität";NA;"Zürich (ZH)";"Zürich (ZH)";"1 - Sehr links";30;2;NA;NA;NA;"3/5";"BAG interne Wissenschaftler:innen, darunter eine Coautorin des Berichts";2038;"2058";"6";"5";5;"Ich weiss es nicht";NA;NA;577,42;29,04;NA;12,06;NA;10,88;NA;NA;NA;NA;NA;NA;57,04;NA;NA;NA;NA;NA;NA;NA;127,93;NA;NA;NA;226,18;NA;35,81;NA;NA;NA;NA;22,28;NA;7,71;NA;48,49;NA;NA;NA
"35";35;"";2;"de";1436266755;"2026-03-27 17:12:47";"2026-03-27 17:13:26";NA;NA;NA;"N. v.";"N. v.";"N. v.";NA;"N. v.";"";"";NA;"";"";"";NA;NA;NA;NA;NA;"";"";NA;"";"";"";NA;"";NA;NA;39,95;33,45;NA;6,5;NA;NA;NA;NA;NA;NA;NA;NA;NA;NA;NA;NA;NA;NA;NA;NA;NA;NA;NA;NA;NA;NA;NA;NA;NA;NA;NA;NA;NA;NA;NA;NA;NA;NA;NA
"36";36;"2026-03-27 17:43:06";12;"de";1197561090;"2026-03-27 17:14:42";"2026-03-27 17:43:06";NA;NA;19;"Ja";"Ja";"Nein";NA;"Nein";"Weiblich";"Gymnasium/Maturität";NA;"Zürich (ZH)";"Zürich (ZH)";"4 - Mitte";2;1;NA;NA;NA;"Keine der oben genannten";"BAG interne Wissenschaftler:innen, darunter eine Coautorin des Berichts";2038;"2058";"6";"2";5;"Den Einfluss des ersten Textes (wahrscheinlich einmal Regierung hat einen Einfluss auf den persönlichen Erfolg von Individuen und einmal nicht) auf die Antworten später zu diesen Fragen.";NA;NA;1618,48;101,28;NA;15,75;NA;34,32;NA;NA;NA;NA;NA;NA;55,97;NA;NA;NA;NA;NA;NA;NA;428,86;NA;NA;NA;494,42;NA;59,1;NA;NA;NA;NA;50,63;NA;187,93;NA;184,95;NA;5,27;NA
"37";37;"";NA;"de";500011929;"2026-03-27 18:04:00";"2026-03-27 18:04:00";NA;NA;NA;"N. v.";"N. v.";"N. v.";NA;"N. v.";"";"";NA;"";"";"";NA;NA;NA;NA;NA;"";"";NA;"";"";"";NA;"";NA;NA;0;NA;NA;NA;NA;NA;NA;NA;NA;NA;NA;NA;NA;NA;NA;NA;NA;NA;NA;NA;NA;NA;NA;NA;NA;NA;NA;NA;NA;NA;NA;NA;NA;NA;NA;NA;NA;NA;NA
"38";38;"";NA;"de";1226973283;"2026-03-27 18:04:26";"2026-03-27 18:04:26";NA;NA;NA;"N. v.";"N. v.";"N. v.";NA;"N. v.";"";"";NA;"";"";"";NA;NA;NA;NA;NA;"";"";NA;"";"";"";NA;"";NA;NA;0;NA;NA;NA;NA;NA;NA;NA;NA;NA;NA;NA;NA;NA;NA;NA;NA;NA;NA;NA;NA;NA;NA;NA;NA;NA;NA;NA;NA;NA;NA;NA;NA;NA;NA;NA;NA;NA;NA
"39";39;"";3;"de";263643877;"2026-03-27 18:04:33";"2026-03-27 18:05:41";NA;NA;22;"Ja";"Nein";"Nein";NA;"N. v.";"";"";NA;"";"";"";NA;NA;NA;NA;NA;"";"";NA;"";"";"";NA;"";NA;NA;69,65;38,79;NA;7,31;NA;23,55;NA;NA;NA;NA;NA;NA;NA;NA;NA;NA;NA;NA;NA;NA;NA;NA;NA;NA;NA;NA;NA;NA;NA;NA;NA;NA;NA;NA;NA;NA;NA;NA;NA
"40";40;"";1;"de";1606773864;"2026-03-27 18:18:20";"2026-03-27 18:28:58";NA;NA;NA;"N. v.";"N. v.";"N. v.";NA;"N. v.";"";"";NA;"";"";"";NA;NA;NA;NA;NA;"";"";NA;"";"";"";NA;"";NA;NA;638,57;638,57;NA;NA;NA;NA;NA;NA;NA;NA;NA;NA;NA;NA;NA;NA;NA;NA;NA;NA;NA;NA;NA;NA;NA;NA;NA;NA;NA;NA;NA;NA;NA;NA;NA;NA;NA;NA;NA
"41";41;"";11;"de";651772221;"2026-03-27 18:19:05";"2026-03-27 18:35:23";NA;NA;23;"Ja";"Ja";"Nein";NA;"Ja";"Weiblich";"Gymnasium/Maturität";NA;"St. Gallen (SG)";"St. Gallen (SG)";"Keine Angabe";7;2;NA;NA;NA;"1/4";"BAG interne Wissenschaftler:innen, darunter eine Coautorin des Berichts";2038;"2058";"5";"6";5;"Ob man eine positive Einstellung gegenüber dem Bundesrat hat ";NA;NA;979,22;40,54;NA;18,26;NA;25,14;NA;NA;NA;NA;NA;NA;272,83;NA;NA;NA;NA;NA;NA;NA;127,88;NA;NA;NA;223,15;NA;93,49;NA;NA;NA;NA;40,35;NA;69,89;NA;67,69;NA;NA;NA
"42";42;"";1;"de";1146271889;"2026-03-27 18:35:30";"2026-03-27 18:35:59";NA;NA;NA;"N. v.";"N. v.";"N. v.";NA;"N. v.";"";"";NA;"";"";"";NA;NA;NA;NA;NA;"";"";NA;"";"";"";NA;"";NA;NA;29,1;29,1;NA;NA;NA;NA;NA;NA;NA;NA;NA;NA;NA;NA;NA;NA;NA;NA;NA;NA;NA;NA;NA;NA;NA;NA;NA;NA;NA;NA;NA;NA;NA;NA;NA;NA;NA;NA;NA
"43";43;"2026-03-27 20:30:59";12;"de";1701959821;"2026-03-27 18:36:15";"2026-03-27 20:30:59";NA;NA;20;"Ja";"Ja";"Nein";NA;"Nein";"Weiblich";"Gymnasium/Maturität";NA;"Zürich (ZH)";"Zürich (ZH)";"1 - Sehr links";25;2;NA;NA;NA;"1/3";"Journalist für Keystone-SDA";2038;"2058";"5";"5";5;"Systemrechtfertigungsmotiv erforschen und wie es Kognition beeinflusst ";NA;NA;806,33;40,22;NA;25,59;NA;18,07;NA;NA;NA;NA;NA;NA;70,05;NA;NA;NA;NA;NA;NA;NA;127,97;NA;NA;NA;332,5;NA;68,5;NA;NA;NA;NA;38,5;NA;61,58;NA;17,94;NA;5,41;NA
"44";44;"";6;"de";1167221713;"2026-03-27 18:38:29";"2026-03-27 18:43:06";NA;NA;23;"Ja";"Ja";"Nein";NA;"Nein";"Weiblich";"Bachelorabschluss (Universität/ETH)";NA;"Appenzell Ausserrhoden (AR)";"Appenzell Ausserrhoden (AR)";"3 - Eher links";3;2;NA;NA;NA;"";"";NA;"";"";"";NA;"";NA;NA;276,7;16,28;NA;11,71;NA;14,35;NA;NA;NA;NA;NA;NA;75,81;NA;NA;NA;NA;NA;NA;NA;158,55;NA;NA;NA;NA;NA;NA;NA;NA;NA;NA;NA;NA;NA;NA;NA;NA;NA;NA
"45";45;"2026-03-27 18:55:39";12;"de";1721109839;"2026-03-27 18:38:45";"2026-03-27 18:55:39";NA;NA;20;"Ja";"Ja";"Nein";NA;"Nein";"Männlich";"Gymnasium/Maturität";NA;"Zürich (ZH)";"Zürich (ZH)";"3 - Eher links";6;2;NA;NA;NA;"Keine der oben genannten";"BAG interne Wissenschaftler:innen, darunter eine Coautorin des Berichts";2038;"2058";"5";"4";5;"Festzustellen, wie verunsichernde Neuinformationen sich auf die persönliche Meinung auswirken.";NA;NA;1017,99;19,62;NA;24,98;NA;30,23;NA;NA;NA;NA;NA;NA;70,67;NA;NA;NA;NA;NA;NA;NA;146,6;NA;NA;NA;358,72;NA;74,62;NA;NA;NA;NA;47,55;NA;111,22;NA;122,37;NA;11,41;NA
"46";46;"2026-03-27 19:02:05";12;"de";530244533;"2026-03-27 18:49:48";"2026-03-27 19:02:05";NA;NA;24;"Ja";"Ja";"Nein";NA;"Ja";"Weiblich";"Bachelorabschluss (Universität/ETH)";NA;"Zürich (ZH)";"Zürich (ZH)";"5 - Eher rechts";100;1;NA;NA;NA;"1/2";"BAG interne Wissenschaftler:innen, darunter eine Coautorin des Berichts";2038;"2053";"4";"2";5;"Welche Art von Informationen man aus einem Artikel entnimmt. Wie leicht man sich beeinflussen lässt durch falsche Angaben in den Fragen. ";NA;NA;738,47;2,51;NA;3,31;NA;20,91;NA;NA;NA;NA;NA;NA;111,24;NA;NA;NA;NA;NA;NA;NA;169,87;NA;NA;NA;207,67;NA;59,06;NA;NA;NA;NA;36,15;NA;66,56;NA;55,85;NA;5,34;NA
"47";47;"2026-03-27 19:01:52";12;"de";1299231865;"2026-03-27 18:50:02";"2026-03-27 19:01:52";NA;NA;19;"Ja";"Ja";"Nein";NA;"Nein";"Weiblich";"Gymnasium/Maturität";NA;"Zürich (ZH)";"Zürich (ZH)";"2 - Links";4;2;NA;NA;NA;"3/5";"BAG interne Wissenschaftler:innen, darunter eine Coautorin des Berichts";2038;"2058";"6";"4";5;"Leseverständnis";NA;NA;806,92;26,68;NA;15,78;NA;11,43;NA;NA;NA;NA;NA;NA;96,15;NA;NA;NA;NA;NA;NA;NA;124,58;NA;NA;NA;183,05;NA;53,51;NA;NA;NA;NA;26,72;NA;27,38;NA;54,1;NA;187,54;NA
"48";48;"";6;"de";210777100;"2026-03-27 18:53:05";"2026-03-27 18:58:43";NA;NA;53;"Ja";"Ja";"Nein";NA;"Nein";"Männlich";"Masterabschluss (Universität/ETH)";NA;"Zürich (ZH)";"Zürich (ZH)";"3 - Eher links";2;2;NA;NA;NA;"";"";NA;"";"";"";NA;"";NA;NA;375,12;27,97;NA;6,84;NA;14,63;NA;NA;NA;NA;NA;NA;290,49;NA;NA;NA;NA;NA;NA;NA;35,19;NA;NA;NA;NA;NA;NA;NA;NA;NA;NA;NA;NA;NA;NA;NA;NA;NA;NA
"49";49;"2026-03-27 19:21:59";12;"de";1121956947;"2026-03-27 19:07:57";"2026-03-27 19:21:59";NA;NA;19;"Ja";"Ja";"Nein";NA;"Nein";"Weiblich";"Gymnasium/Maturität";NA;"Appenzell Ausserrhoden (AR)";"Appenzell Ausserrhoden (AR)";"3 - Eher links";6;1;NA;NA;NA;"1/4";"Keine der oben genannten";2043;"2038";"5";"3";5;"Aufmerksames lesen";NA;NA;846,16;5,2;NA;3,74;NA;21,52;NA;NA;NA;NA;NA;NA;74,47;NA;NA;NA;NA;NA;NA;NA;227,69;NA;NA;NA;305,18;NA;69,68;NA;NA;NA;NA;34,66;NA;21,52;NA;77,1;NA;5,4;NA
"50";50;"";7;"de";681783779;"2026-03-27 19:12:22";"2026-03-27 19:24:05";NA;NA;20;"Ja";"Ja";"Nein";NA;"Nein";"Weiblich";"Gymnasium/Maturität";NA;"Tessin / Ticino (TI)";"Tessin / Ticino (TI)";"5 - Eher rechts";5;1;NA;NA;NA;"";"";NA;"";"";"";NA;"";NA;NA;827,91;46,86;NA;12,89;NA;12,86;NA;NA;NA;NA;NA;NA;248,54;NA;NA;NA;NA;NA;NA;NA;245,74;NA;NA;NA;261,02;NA;NA;NA;NA;NA;NA;NA;NA;NA;NA;NA;NA;NA;NA
"51";51;"";4;"de";491680999;"2026-03-27 20:31:14";"2026-03-27 20:31:36";NA;NA;20;"Ja";"Ja";"Nein";NA;"N. v.";"";"";NA;"";"";"";NA;NA;NA;NA;NA;"";"";NA;"";"";"";NA;"";NA;NA;22,11;4,14;NA;3,81;NA;14,16;NA;NA;NA;NA;NA;NA;NA;NA;NA;NA;NA;NA;NA;NA;NA;NA;NA;NA;NA;NA;NA;NA;NA;NA;NA;NA;NA;NA;NA;NA;NA;NA;NA
"52";52;"";5;"de";580750267;"2026-03-27 20:33:08";"2026-03-27 20:34:40";NA;NA;20;"Ja";"Ja";"Nein";NA;"Nein";"Weiblich";"Gymnasium/Maturität";NA;"Zürich (ZH)";"Zürich (ZH)";"4 - Mitte";10;2;NA;NA;NA;"";"";NA;"";"";"";NA;"";NA;NA;91,41;3,59;NA;3,92;NA;19,1;NA;NA;NA;NA;NA;NA;64,8;NA;NA;NA;NA;NA;NA;NA;NA;NA;NA;NA;NA;NA;NA;NA;NA;NA;NA;NA;NA;NA;NA;NA;NA;NA;NA
"53";53;"";NA;"de";1945046392;"2026-03-27 20:33:19";"2026-03-27 20:33:19";NA;NA;NA;"N. v.";"N. v.";"N. v.";NA;"N. v.";"";"";NA;"";"";"";NA;NA;NA;NA;NA;"";"";NA;"";"";"";NA;"";NA;NA;0;NA;NA;NA;NA;NA;NA;NA;NA;NA;NA;NA;NA;NA;NA;NA;NA;NA;NA;NA;NA;NA;NA;NA;NA;NA;NA;NA;NA;NA;NA;NA;NA;NA;NA;NA;NA;NA;NA
"54";54;"";1;"de";684157313;"2026-03-27 21:00:17";"2026-03-27 21:00:41";NA;NA;NA;"N. v.";"N. v.";"N. v.";NA;"N. v.";"";"";NA;"";"";"";NA;NA;NA;NA;NA;"";"";NA;"";"";"";NA;"";NA;NA;24,46;24,46;NA;NA;NA;NA;NA;NA;NA;NA;NA;NA;NA;NA;NA;NA;NA;NA;NA;NA;NA;NA;NA;NA;NA;NA;NA;NA;NA;NA;NA;NA;NA;NA;NA;NA;NA;NA;NA
"55";55;"";11;"de";1586218244;"2026-03-27 22:20:12";"2026-03-27 22:41:26";NA;NA;22;"Ja";"Ja";"Nein";NA;"Nein";"Männlich";"Gymnasium/Maturität";NA;"Aargau (AG)";"Freiburg / Fribourg (FR)";"3 - Eher links";1;2;NA;NA;NA;"1/3";"Journalist für Keystone-SDA";2058;"2028";"3";"1 (stimme überhaupt nicht zu)";5;"Durch did 15min nicht wirklich erkennbar";NA;NA;1389,94;14,59;NA;3,57;NA;37,66;NA;NA;NA;NA;NA;NA;187,02;NA;NA;NA;NA;NA;NA;NA;227,67;NA;NA;NA;203,57;NA;94,51;NA;NA;NA;NA;35,22;NA;581,95;NA;4,18;NA;NA;NA
"56";56;"";11;"de";1986767125;"2026-03-27 22:25:49";"2026-03-27 22:46:04";NA;NA;19;"Ja";"Ja";"Nein";NA;"Nein";"Weiblich";"Gymnasium/Maturität";NA;"St. Gallen (SG)";"St. Gallen (SG)";"3 - Eher links";55;2;NA;NA;NA;"2/5";"Keine der oben genannten";2038;"2058";"5";"3";5;"In Abhängigkeit vom ersten Text (wie sehr man von der Regierung abhängig ist) wie gut man sich an die Infos aus dem zweiten Text erinnern kann";NA;NA;1216,95;63,03;NA;21,78;NA;14,9;NA;NA;NA;NA;NA;NA;365,87;NA;NA;NA;NA;NA;NA;NA;229,1;NA;NA;NA;325,51;NA;63,71;NA;NA;NA;NA;34,19;NA;45,16;NA;53,7;NA;NA;NA
"57";57;"";1;"de";2053595244;"2026-03-28 01:29:35";"2026-03-28 01:29:54";NA;NA;NA;"N. v.";"N. v.";"N. v.";NA;"N. v.";"";"";NA;"";"";"";NA;NA;NA;NA;NA;"";"";NA;"";"";"";NA;"";NA;NA;18,19;18,19;NA;NA;NA;NA;NA;NA;NA;NA;NA;NA;NA;NA;NA;NA;NA;NA;NA;NA;NA;NA;NA;NA;NA;NA;NA;NA;NA;NA;NA;NA;NA;NA;NA;NA;NA;NA;NA
"58";58;"";11;"de";820915176;"2026-03-28 01:53:18";"2026-03-28 02:09:18";NA;NA;24;"Ja";"Ja";"Nein";NA;"Nein";"Weiblich";"Gymnasium/Maturität";NA;"Bern (BE)";"Bern (BE)";"2 - Links";2;1;NA;NA;NA;"Keine der oben genannten";"BAG interne Wissenschaftler:innen, darunter eine Coautorin des Berichts";2038;"2058";"4";"2";5;"Was wir davon halten, wie unsere Regierung Einfluss auf unseren Alltag hat";NA;NA;963,2;38,69;NA;13,21;NA;21,13;NA;NA;NA;NA;NA;NA;77,62;NA;NA;NA;NA;NA;NA;NA;206,11;NA;NA;NA;357,26;NA;64,84;NA;NA;NA;NA;38,42;NA;63,25;NA;82,67;NA;NA;NA
"59";59;"";5;"de";1730995408;"2026-03-28 06:38:44";"2026-03-28 06:42:03";NA;NA;20;"Ja";"Ja";"Nein";NA;"Nein";"Weiblich";"Gymnasium/Maturität";NA;"Zürich (ZH)";"Zürich (ZH)";"3 - Eher links";3;1;NA;NA;NA;"";"";NA;"";"";"";NA;"";NA;NA;311,15;44,68;NA;21,99;NA;21,62;NA;NA;NA;NA;NA;NA;222,86;NA;NA;NA;NA;NA;NA;NA;NA;NA;NA;NA;NA;NA;NA;NA;NA;NA;NA;NA;NA;NA;NA;NA;NA;NA;NA
"60";60;"2026-03-28 09:19:16";12;"de";2007975174;"2026-03-28 08:55:32";"2026-03-28 09:19:16";NA;NA;20;"Ja";"Ja";"Nein";NA;"Nein";"Männlich";"Gymnasium/Maturität";NA;"Zürich (ZH)";"Zürich (ZH)";"2 - Links";1;2;NA;NA;NA;"3/5";"Keine der oben genannten";2058;"2034";"3";"2";5;"Um herauszufinden, ob die Verantwortung/ Autorität des Bundes das Antwortverhalten beeinflusst (schlechte Entscheidungen/ Vorhersagen -> mich beeinflussen diese Entscheidungen persönlich/ unzufrieden mit den staatlichen Entscheidungen)";NA;NA;1426,3;8,83;NA;15,34;NA;47,38;NA;NA;NA;NA;NA;NA;72,38;NA;NA;NA;NA;NA;NA;NA;145,52;NA;NA;NA;283,68;NA;190,01;NA;NA;NA;NA;76,01;NA;444,24;NA;119,79;NA;23,12;NA
"61";61;"";11;"de";1450329898;"2026-03-28 09:27:38";"2026-03-28 09:38:27";NA;NA;20;"Ja";"Ja";"Nein";NA;"Nein";"Männlich";"Gymnasium/Maturität";NA;"Zürich (ZH)";"Zürich (ZH)";"3 - Eher links";2;1;NA;NA;NA;"3/5";"Kritiker Patrick Mäder, Forscher am unabhängigen Wirtschaftsinstitut NJL";2038;"2058";"2";"3";5;"Inwiefern der erste Text das Merken des zweiten beeinflusst";NA;NA;652,04;3,76;NA;4,69;NA;20,57;NA;NA;NA;NA;NA;NA;60,07;NA;NA;NA;NA;NA;NA;NA;123,28;NA;NA;NA;214,08;NA;37,82;NA;NA;NA;NA;28,84;NA;124,95;NA;33,98;NA;NA;NA
"62";62;"2026-03-28 09:45:22";12;"de";1896189211;"2026-03-28 09:31:38";"2026-03-28 09:45:22";NA;NA;21;"Ja";"Ja";"Nein";NA;"Nein";"Weiblich";"Gymnasium/Maturität";NA;"Zürich (ZH)";"Zürich (ZH)";"5 - Eher rechts";2;2;NA;NA;NA;"Keine der oben genannten";"BAG interne Wissenschaftler:innen, darunter eine Coautorin des Berichts";2038;"2058";"5";"3";5;"Messung der Aufmerksamkeit";NA;NA;780,88;18,68;NA;25,84;NA;18,36;NA;NA;NA;NA;NA;NA;68,71;NA;NA;NA;NA;NA;NA;NA;126,46;NA;NA;NA;375,02;NA;71,84;NA;NA;NA;NA;31,53;NA;21,21;NA;21;NA;2,23;NA
"63";63;"";NA;"de";1190774483;"2026-03-28 09:52:30";"2026-03-28 09:52:30";NA;NA;NA;"N. v.";"N. v.";"N. v.";NA;"N. v.";"";"";NA;"";"";"";NA;NA;NA;NA;NA;"";"";NA;"";"";"";NA;"";NA;NA;0;NA;NA;NA;NA;NA;NA;NA;NA;NA;NA;NA;NA;NA;NA;NA;NA;NA;NA;NA;NA;NA;NA;NA;NA;NA;NA;NA;NA;NA;NA;NA;NA;NA;NA;NA;NA;NA;NA
"64";64;"";NA;"de";2047945842;"2026-03-28 09:54:32";"2026-03-28 09:54:32";NA;NA;NA;"N. v.";"N. v.";"N. v.";NA;"N. v.";"";"";NA;"";"";"";NA;NA;NA;NA;NA;"";"";NA;"";"";"";NA;"";NA;NA;0;NA;NA;NA;NA;NA;NA;NA;NA;NA;NA;NA;NA;NA;NA;NA;NA;NA;NA;NA;NA;NA;NA;NA;NA;NA;NA;NA;NA;NA;NA;NA;NA;NA;NA;NA;NA;NA;NA
"65";65;"2026-03-28 10:19:16";12;"de";533151950;"2026-03-28 09:55:40";"2026-03-28 10:19:16";NA;NA;24;"Ja";"Ja";"Nein";NA;"Ja";"Weiblich";"Bachelorabschluss (Universität/ETH)";NA;"Zürich (ZH)";"Zürich (ZH)";"4 - Mitte";0;1;NA;NA;NA;"Keine der oben genannten";"BAG interne Wissenschaftler:innen, darunter eine Coautorin des Berichts";2038;"2058";"4";"3";5;"Aufgrund politischer Orientierung gebiastes Lesen von Zeitungsartikeln und selektive Informationsaufnahme";NA;NA;1417,64;26,3;NA;61,17;NA;19,96;NA;NA;NA;NA;NA;NA;75,79;NA;NA;NA;NA;NA;NA;NA;123,37;NA;NA;NA;927,65;NA;44,49;NA;NA;NA;NA;26,91;NA;74,73;NA;29,23;NA;8,04;NA
"66";66;"";NA;"de";302301995;"2026-03-28 09:59:43";"2026-03-28 09:59:43";NA;NA;NA;"N. v.";"N. v.";"N. v.";NA;"N. v.";"";"";NA;"";"";"";NA;NA;NA;NA;NA;"";"";NA;"";"";"";NA;"";NA;NA;0;NA;NA;NA;NA;NA;NA;NA;NA;NA;NA;NA;NA;NA;NA;NA;NA;NA;NA;NA;NA;NA;NA;NA;NA;NA;NA;NA;NA;NA;NA;NA;NA;NA;NA;NA;NA;NA;NA
"67";67;"";11;"de";1509804514;"2026-03-28 10:00:34";"2026-03-28 10:10:32";NA;NA;20;"Ja";"Ja";"Nein";NA;"Nein";"Weiblich";"Gymnasium/Maturität";NA;"Zürich (ZH)";"Keine Angabe";"4 - Mitte";0;2;NA;NA;NA;"1/4";"Kritiker Patrick Mäder, Forscher am unabhängigen Wirtschaftsinstitut NJL";2038;"Keine der oben genannten";"4";"4";5;"Recency Effekt ";NA;NA;600,36;11,32;NA;27,93;NA;23,27;NA;NA;NA;NA;NA;NA;51,4;NA;NA;NA;NA;NA;NA;NA;125,37;NA;NA;NA;183,79;NA;55,07;NA;NA;NA;NA;25,74;NA;11,64;NA;84,83;NA;NA;NA
"68";68;"";11;"de";772978188;"2026-03-28 10:16:55";"2026-03-28 10:27:19";NA;NA;20;"Ja";"Ja";"Nein";NA;"Nein";"Weiblich";"Gymnasium/Maturität";NA;"Zürich (ZH)";"Zürich (ZH)";"2 - Links";3;1;NA;NA;NA;"1/3";"Professor für Datenanalyse";2038;"2058";"4";"2";5;"Aufmerksamkeit zu prüfen ";NA;NA;624,15;2,99;NA;2,82;NA;12,53;NA;NA;NA;NA;NA;NA;34,2;NA;NA;NA;NA;NA;NA;NA;130,9;NA;NA;NA;189,04;NA;191,6;NA;NA;NA;NA;26,39;NA;22,16;NA;11,52;NA;NA;NA
"69";69;"";1;"de";851125780;"2026-03-28 10:24:59";"2026-03-28 10:25:01";NA;NA;NA;"N. v.";"N. v.";"N. v.";NA;"N. v.";"";"";NA;"";"";"";NA;NA;NA;NA;NA;"";"";NA;"";"";"";NA;"";NA;NA;2,78;2,78;NA;NA;NA;NA;NA;NA;NA;NA;NA;NA;NA;NA;NA;NA;NA;NA;NA;NA;NA;NA;NA;NA;NA;NA;NA;NA;NA;NA;NA;NA;NA;NA;NA;NA;NA;NA;NA
"70";70;"2026-03-28 10:38:57";12;"de";1382833155;"2026-03-28 10:25:16";"2026-03-28 10:38:57";NA;NA;21;"Ja";"Ja";"Nein";NA;"Nein";"Weiblich";"Gymnasium/Maturität";NA;"Zug (ZG)";"Zug (ZG)";"5 - Eher rechts";4;2;NA;NA;NA;"1/4";"Professor für Datenanalyse";2038;"2058";"5";"3";5;"Wie unterschiedlich geschriebene Texte verarbeitet/erinnert werden";NA;NA;895,31;26,71;NA;19,63;NA;23,13;NA;NA;NA;NA;NA;NA;90,33;NA;NA;NA;NA;NA;NA;NA;157,13;NA;NA;NA;230,64;NA;75,36;NA;NA;NA;NA;29,1;NA;70,33;NA;31,66;NA;141,29;NA
"71";71;"2026-03-28 11:09:24";12;"de";633955366;"2026-03-28 10:55:29";"2026-03-28 11:09:24";NA;NA;22;"Ja";"Ja";"Nein";NA;"Nein";"Männlich";"Gymnasium/Maturität";NA;"Zürich (ZH)";"Zürich (ZH)";"2 - Links";20;2;NA;NA;NA;"1/3";"Kritiker Patrick Mäder, Forscher am unabhängigen Wirtschaftsinstitut NJL";2034;"2053";"5";"5";5;"Wie gut man sich kürzlich gelesene Textinhaltw merken kann";NA;NA;896,06;37,43;NA;25,12;NA;17,77;NA;NA;NA;NA;NA;NA;53,52;NA;NA;NA;NA;NA;NA;NA;146,15;NA;NA;NA;262,64;NA;67,05;NA;NA;NA;NA;34,23;NA;52,25;NA;79,34;NA;120,56;NA
"72";72;"";11;"de";1679704083;"2026-03-28 11:12:32";"2026-03-28 11:24:41";NA;NA;20;"Ja";"Ja";"Nein";NA;"Nein";"Weiblich";"Gymnasium/Maturität";NA;"Schwyz (SZ)";"Luzern (LU)";"2 - Links";5;1;NA;NA;NA;"Keine der oben genannten";"Keine der oben genannten";2038;"2058";"5";"6";5;"Vielleicht irgendetwas bezüglich Aufmerksamkeit.";NA;NA;730,45;25,94;NA;13,66;NA;21,61;NA;NA;NA;NA;NA;NA;98,9;NA;NA;NA;NA;NA;NA;NA;129,76;NA;NA;NA;284,05;NA;72,84;NA;NA;NA;NA;21,24;NA;24,29;NA;38,16;NA;NA;NA
"73";73;"";4;"de";1186617709;"2026-03-28 11:55:54";"2026-03-28 11:56:18";NA;NA;24;"Ja";"Ja";"Nein";NA;"N. v.";"";"";NA;"";"";"";NA;NA;NA;NA;NA;"";"";NA;"";"";"";NA;"";NA;NA;25,07;11,45;NA;3,39;NA;10,23;NA;NA;NA;NA;NA;NA;NA;NA;NA;NA;NA;NA;NA;NA;NA;NA;NA;NA;NA;NA;NA;NA;NA;NA;NA;NA;NA;NA;NA;NA;NA;NA;NA
"74";74;"";NA;"de";1833805790;"2026-03-28 13:23:08";"2026-03-28 13:23:08";NA;NA;NA;"N. v.";"N. v.";"N. v.";NA;"N. v.";"";"";NA;"";"";"";NA;NA;NA;NA;NA;"";"";NA;"";"";"";NA;"";NA;NA;0;NA;NA;NA;NA;NA;NA;NA;NA;NA;NA;NA;NA;NA;NA;NA;NA;NA;NA;NA;NA;NA;NA;NA;NA;NA;NA;NA;NA;NA;NA;NA;NA;NA;NA;NA;NA;NA;NA
"75";75;"";11;"de";249795328;"2026-03-28 13:23:12";"2026-03-28 13:36:25";NA;NA;20;"Ja";"Ja";"Nein";NA;"Nein";"Weiblich";"Gymnasium/Maturität";NA;"Zug (ZG)";"Zug (ZG)";"4 - Mitte";10;2;NA;NA;NA;"3/5";"BAG interne Wissenschaftler:innen, darunter eine Coautorin des Berichts";2038;"2058";"4";"2";5;"Zu merken wie genau man den Text liest und wie viel liegen bleibt.";NA;NA;795,61;56,22;NA;5,03;NA;20,91;NA;NA;NA;NA;NA;NA;51,89;NA;NA;NA;NA;NA;NA;NA;123,76;NA;NA;NA;218,91;NA;234,87;NA;NA;NA;NA;31,47;NA;26,82;NA;25,73;NA;NA;NA
"76";76;"";1;"de";262132699;"2026-03-28 13:23:15";"2026-03-28 13:23:22";NA;NA;NA;"N. v.";"N. v.";"N. v.";NA;"N. v.";"";"";NA;"";"";"";NA;NA;NA;NA;NA;"";"";NA;"";"";"";NA;"";NA;NA;7,67;7,67;NA;NA;NA;NA;NA;NA;NA;NA;NA;NA;NA;NA;NA;NA;NA;NA;NA;NA;NA;NA;NA;NA;NA;NA;NA;NA;NA;NA;NA;NA;NA;NA;NA;NA;NA;NA;NA
"77";77;"";11;"de";1507623739;"2026-03-28 13:23:29";"2026-03-28 13:35:07";NA;NA;21;"Ja";"Ja";"Nein";NA;"Nein";"Weiblich";"Gymnasium/Maturität";NA;"Luzern (LU)";"Luzern (LU)";"3 - Eher links";4;1;NA;NA;NA;"Keine der oben genannten";"BAG interne Wissenschaftler:innen, darunter eine Coautorin des Berichts";2038;"2058";"2";"1 (stimme überhaupt nicht zu)";5;"Vielleicht eine Untersuchung, wie sehr der erste Text, bezüglich der fehlenden Beeinflussung durch den Bundesrat auf persönlicher Ebene, die Antworten nachher beeinflusst?";NA;NA;700,14;4,08;NA;8,05;NA;22,45;NA;NA;NA;NA;NA;NA;55,94;NA;NA;NA;NA;NA;NA;NA;123,11;NA;NA;NA;225,96;NA;78,48;NA;NA;NA;NA;24,7;NA;73,49;NA;83,88;NA;NA;NA
"78";78;"2026-03-28 13:42:37";12;"de";672597033;"2026-03-28 13:24:02";"2026-03-28 13:42:37";NA;NA;23;"Ja";"Ja";"Nein";NA;"Nein";"Weiblich";"Gymnasium/Maturität";NA;"Zürich (ZH)";"Aargau (AG)";"2 - Links";3;2;NA;NA;NA;"1/3";"BAG interne Wissenschaftler:innen, darunter eine Coautorin des Berichts";2038;"2058";"7 (stimme voll und ganz zu)";"3";5;"Boa keine Ahnung, vielleicht wie detailgetreu die Erinnerung war";NA;NA;1115,49;55,11;NA;26,74;NA;22,64;NA;NA;NA;NA;NA;NA;80,94;NA;NA;NA;NA;NA;NA;NA;127,02;NA;NA;NA;222,39;NA;65,03;NA;NA;NA;NA;350,53;NA;76,15;NA;74,08;NA;14,86;NA
"79";79;"2026-03-28 13:36:09";12;"de";1125679339;"2026-03-28 13:25:08";"2026-03-28 13:36:09";NA;NA;19;"Ja";"Ja";"Nein";NA;"Nein";"Weiblich";"Gymnasium/Maturität";NA;"Luzern (LU)";"Luzern (LU)";"Keine Angabe";1;1;NA;NA;NA;"2/5";"Kritiker Patrick Mäder, Forscher am unabhängigen Wirtschaftsinstitut NJL";2058;"2038";"2";"3";5;"ich denke es ging darum wie aufmerksam man war, während man den Text gelesen hat";NA;NA;747,41;20,63;NA;9,98;NA;18,97;NA;NA;NA;NA;NA;NA;46,93;NA;NA;NA;NA;NA;NA;NA;127,89;NA;NA;NA;185,67;NA;52,7;NA;NA;NA;NA;35,69;NA;47,59;NA;35,51;NA;165,85;NA
"80";80;"";NA;"de";387445889;"2026-03-28 13:25:57";"2026-03-28 13:25:57";NA;NA;NA;"N. v.";"N. v.";"N. v.";NA;"N. v.";"";"";NA;"";"";"";NA;NA;NA;NA;NA;"";"";NA;"";"";"";NA;"";NA;NA;0;NA;NA;NA;NA;NA;NA;NA;NA;NA;NA;NA;NA;NA;NA;NA;NA;NA;NA;NA;NA;NA;NA;NA;NA;NA;NA;NA;NA;NA;NA;NA;NA;NA;NA;NA;NA;NA;NA
"81";81;"";NA;"de";434944511;"2026-03-28 13:26:26";"2026-03-28 13:26:26";NA;NA;NA;"N. v.";"N. v.";"N. v.";NA;"N. v.";"";"";NA;"";"";"";NA;NA;NA;NA;NA;"";"";NA;"";"";"";NA;"";NA;NA;0;NA;NA;NA;NA;NA;NA;NA;NA;NA;NA;NA;NA;NA;NA;NA;NA;NA;NA;NA;NA;NA;NA;NA;NA;NA;NA;NA;NA;NA;NA;NA;NA;NA;NA;NA;NA;NA;NA
"82";82;"";NA;"de";353227709;"2026-03-28 13:27:48";"2026-03-28 13:27:48";NA;NA;NA;"N. v.";"N. v.";"N. v.";NA;"N. v.";"";"";NA;"";"";"";NA;NA;NA;NA;NA;"";"";NA;"";"";"";NA;"";NA;NA;0;NA;NA;NA;NA;NA;NA;NA;NA;NA;NA;NA;NA;NA;NA;NA;NA;NA;NA;NA;NA;NA;NA;NA;NA;NA;NA;NA;NA;NA;NA;NA;NA;NA;NA;NA;NA;NA;NA
"83";83;"2026-03-28 13:41:22";12;"de";1827982579;"2026-03-28 13:28:18";"2026-03-28 13:41:22";NA;NA;20;"Ja";"Ja";"Nein";NA;"Nein";"Weiblich";"Gymnasium/Maturität";NA;"Luzern (LU)";"Luzern (LU)";"3 - Eher links";10;2;NA;NA;NA;"Keine der oben genannten";"BAG interne Wissenschaftler:innen, darunter eine Coautorin des Berichts";2038;"2028";"6";"5";5;"Textverständnis mit angezeigter Zeitangabe ";NA;NA;790,73;2,4;NA;17,31;NA;13,26;NA;NA;NA;NA;NA;NA;52,18;NA;NA;NA;NA;NA;NA;NA;213,31;NA;NA;NA;240,01;NA;60,33;NA;NA;NA;NA;39,79;NA;37,75;NA;31,99;NA;82,4;NA
"84";84;"";NA;"de";426855097;"2026-03-28 13:30:20";"2026-03-28 13:30:20";NA;NA;NA;"N. v.";"N. v.";"N. v.";NA;"N. v.";"";"";NA;"";"";"";NA;NA;NA;NA;NA;"";"";NA;"";"";"";NA;"";NA;NA;0;NA;NA;NA;NA;NA;NA;NA;NA;NA;NA;NA;NA;NA;NA;NA;NA;NA;NA;NA;NA;NA;NA;NA;NA;NA;NA;NA;NA;NA;NA;NA;NA;NA;NA;NA;NA;NA;NA
"85";85;"";11;"de";850929797;"2026-03-28 13:34:46";"2026-03-28 13:44:58";NA;NA;28;"Ja";"Ja";"Nein";NA;"Nein";"Weiblich";"Gymnasium/Maturität";NA;"Zürich (ZH)";"Zürich (ZH)";"4 - Mitte";10;1;NA;NA;NA;"3/4";"Professor für Datenanalyse";2038;"2058";"3";"2";5;"Konzentrationstest";NA;NA;615,75;4,2;NA;6,71;NA;16,05;NA;NA;NA;NA;NA;NA;61,62;NA;NA;NA;NA;NA;NA;NA;129,41;NA;NA;NA;213,2;NA;70,44;NA;NA;NA;NA;32,12;NA;17,6;NA;64,4;NA;NA;NA
"86";86;"";1;"de";915569248;"2026-03-28 13:39:54";"2026-03-28 13:40:32";NA;NA;NA;"N. v.";"N. v.";"N. v.";NA;"N. v.";"";"";NA;"";"";"";NA;NA;NA;NA;NA;"";"";NA;"";"";"";NA;"";NA;NA;38,16;38,16;NA;NA;NA;NA;NA;NA;NA;NA;NA;NA;NA;NA;NA;NA;NA;NA;NA;NA;NA;NA;NA;NA;NA;NA;NA;NA;NA;NA;NA;NA;NA;NA;NA;NA;NA;NA;NA
"87";87;"";11;"de";1934525131;"2026-03-28 14:05:44";"2026-03-28 14:23:37";NA;NA;20;"Ja";"Ja";"Nein";NA;"Nein";"Weiblich";"Gymnasium/Maturität";NA;"Schwyz (SZ)";"Luzern (LU)";"Keine Angabe";14;1;NA;NA;NA;"3/5";"BAG interne Wissenschaftler:innen, darunter eine Coautorin des Berichts";2038;"2058";"3";"3";5;"Vielleicht um zu sehen ob der erste Artikel die eigene Meinung beeinflusst.";NA;NA;1074,98;40,37;NA;21,54;NA;19,82;NA;NA;NA;NA;NA;NA;109,51;NA;NA;NA;NA;NA;NA;NA;162,17;NA;NA;NA;229,96;NA;281,53;NA;NA;NA;NA;51,14;NA;29,16;NA;129,78;NA;NA;NA
"88";88;"";NA;"de";791184567;"2026-03-28 14:10:07";"2026-03-28 14:10:07";NA;NA;NA;"N. v.";"N. v.";"N. v.";NA;"N. v.";"";"";NA;"";"";"";NA;NA;NA;NA;NA;"";"";NA;"";"";"";NA;"";NA;NA;0;NA;NA;NA;NA;NA;NA;NA;NA;NA;NA;NA;NA;NA;NA;NA;NA;NA;NA;NA;NA;NA;NA;NA;NA;NA;NA;NA;NA;NA;NA;NA;NA;NA;NA;NA;NA;NA;NA
"89";89;"";NA;"de";1377271114;"2026-03-28 14:15:06";"2026-03-28 14:15:06";NA;NA;NA;"N. v.";"N. v.";"N. v.";NA;"N. v.";"";"";NA;"";"";"";NA;NA;NA;NA;NA;"";"";NA;"";"";"";NA;"";NA;NA;0;NA;NA;NA;NA;NA;NA;NA;NA;NA;NA;NA;NA;NA;NA;NA;NA;NA;NA;NA;NA;NA;NA;NA;NA;NA;NA;NA;NA;NA;NA;NA;NA;NA;NA;NA;NA;NA;NA
"90";90;"";11;"de";559207762;"2026-03-28 14:21:39";"2026-03-28 15:34:55";NA;NA;20;"Ja";"Ja";"Nein";NA;"Nein";"Weiblich";"Gymnasium/Maturität";NA;"Nidwalden (NW)";"Nidwalden (NW)";"3 - Eher links";3;1;NA;NA;NA;"1/3";"BAG interne Wissenschaftler:innen, darunter eine Coautorin des Berichts";2038;"2058";"3";"3";5;"Was man in kurzer Zeit merken kann / wie genau man den Text gelesen hat";NA;NA;686,34;6,08;NA;14,24;NA;24,61;NA;NA;NA;NA;NA;NA;88,98;NA;NA;NA;NA;NA;NA;NA;131,79;NA;NA;NA;210,02;NA;73,94;NA;NA;NA;NA;44,92;NA;35,26;NA;56,5;NA;NA;NA
"91";91;"";NA;"de";895709537;"2026-03-28 14:26:24";"2026-03-28 14:26:24";NA;NA;NA;"N. v.";"N. v.";"N. v.";NA;"N. v.";"";"";NA;"";"";"";NA;NA;NA;NA;NA;"";"";NA;"";"";"";NA;"";NA;NA;0;NA;NA;NA;NA;NA;NA;NA;NA;NA;NA;NA;NA;NA;NA;NA;NA;NA;NA;NA;NA;NA;NA;NA;NA;NA;NA;NA;NA;NA;NA;NA;NA;NA;NA;NA;NA;NA;NA
"92";92;"2026-03-28 15:32:28";12;"de";728595305;"2026-03-28 15:10:21";"2026-03-28 15:32:28";NA;NA;20;"Ja";"Ja";"Nein";NA;"Nein";"Weiblich";"Gymnasium/Maturität";NA;"St. Gallen (SG)";"Wallis / Valais (VS)";"4 - Mitte";3;1;NA;NA;NA;"1/3";"Kritiker Patrick Mäder, Forscher am unabhängigen Wirtschaftsinstitut NJL";2038;"2058";"4";"3";5;"Aufmerksamkeit beim Lesen zwei verschiedener Texte und worauf der Fokus war.";NA;NA;1329,33;57,29;NA;51,95;NA;23,87;NA;NA;NA;NA;NA;NA;188,72;NA;NA;NA;NA;NA;NA;NA;133,07;NA;NA;NA;434,57;NA;108,08;NA;NA;NA;NA;67,37;NA;156,4;NA;84,91;NA;23,1;NA
"93";93;"";1;"de";1183542334;"2026-03-28 15:13:19";"2026-03-28 15:13:39";NA;NA;NA;"N. v.";"N. v.";"N. v.";NA;"N. v.";"";"";NA;"";"";"";NA;NA;NA;NA;NA;"";"";NA;"";"";"";NA;"";NA;NA;20,08;20,08;NA;NA;NA;NA;NA;NA;NA;NA;NA;NA;NA;NA;NA;NA;NA;NA;NA;NA;NA;NA;NA;NA;NA;NA;NA;NA;NA;NA;NA;NA;NA;NA;NA;NA;NA;NA;NA
"94";94;"";3;"de";2035620543;"2026-03-28 15:13:52";"2026-03-28 15:14:52";NA;NA;17;"Ja";"Ja";"Nein";NA;"N. v.";"";"";NA;"";"";"";NA;NA;NA;NA;NA;"";"";NA;"";"";"";NA;"";NA;NA;60,42;27,18;NA;8,75;NA;24,49;NA;NA;NA;NA;NA;NA;NA;NA;NA;NA;NA;NA;NA;NA;NA;NA;NA;NA;NA;NA;NA;NA;NA;NA;NA;NA;NA;NA;NA;NA;NA;NA;NA
"95";95;"";1;"de";1120107900;"2026-03-28 15:16:50";"2026-03-28 15:16:53";NA;NA;NA;"N. v.";"N. v.";"N. v.";NA;"N. v.";"";"";NA;"";"";"";NA;NA;NA;NA;NA;"";"";NA;"";"";"";NA;"";NA;NA;3,31;3,31;NA;NA;NA;NA;NA;NA;NA;NA;NA;NA;NA;NA;NA;NA;NA;NA;NA;NA;NA;NA;NA;NA;NA;NA;NA;NA;NA;NA;NA;NA;NA;NA;NA;NA;NA;NA;NA
"96";96;"2026-03-28 15:33:30";12;"de";1904337831;"2026-03-28 15:18:06";"2026-03-28 15:33:30";NA;NA;21;"Ja";"Ja";"Nein";NA;"Nein";"Männlich";"Gymnasium/Maturität";NA;"Zürich (ZH)";"Zürich (ZH)";"5 - Eher rechts";2;1;NA;NA;NA;"3/5";"Keine der oben genannten";2058;"2038";"5";"3";5;"Ka";NA;NA;925,73;5,26;NA;7,91;NA;42,58;NA;NA;NA;NA;NA;NA;64,57;NA;NA;NA;NA;NA;NA;NA;184,91;NA;NA;NA;514,57;NA;38,34;NA;NA;NA;NA;30,11;NA;14,62;NA;13,21;NA;9,65;NA
"97";97;"2026-03-28 15:29:19";12;"de";541550326;"2026-03-28 15:18:44";"2026-03-28 15:29:19";NA;NA;23;"Ja";"Ja";"Nein";NA;"Nein";"Weiblich";"Gymnasium/Maturität";NA;"Thurgau (TG)";"Thurgau (TG)";"4 - Mitte";7;2;NA;NA;NA;"3/5";"BAG interne Wissenschaftler:innen, darunter eine Coautorin des Berichts";2038;"2028";"4";"3";5;"keine Ahnung";NA;NA;697,67;8,21;NA;4,99;NA;16,53;NA;NA;NA;NA;NA;NA;76,29;NA;NA;NA;NA;NA;NA;NA;124,39;NA;NA;NA;206,2;NA;75,83;NA;NA;NA;NA;42,51;NA;11,2;NA;10,32;NA;121,2;NA
"98";98;"";7;"de";2022249859;"2026-03-28 15:21:59";"2026-03-28 15:28:40";NA;NA;29;"Ja";"Ja";"Nein";NA;"Nein";"Weiblich";"Bachelorabschluss (Fachhochschule (FH))";NA;"Luzern (LU)";"Nidwalden (NW)";"3 - Eher links";10;1;NA;NA;NA;"";"";NA;"";"";"";NA;"";NA;NA;403,49;3,74;NA;5,58;NA;13,84;NA;NA;NA;NA;NA;NA;56,06;NA;NA;NA;NA;NA;NA;NA;125,39;NA;NA;NA;198,88;NA;NA;NA;NA;NA;NA;NA;NA;NA;NA;NA;NA;NA;NA
"99";99;"";5;"de";1649284191;"2026-03-28 15:22:53";"2026-03-28 15:25:09";NA;NA;20;"Ja";"Ja";"Nein";NA;"Nein";"Weiblich";"Gymnasium/Maturität";NA;"Zürich (ZH)";"Keine Angabe";"Keine Angabe";2;1;NA;NA;NA;"";"";NA;"";"";"";NA;"";NA;NA;136,99;3,47;NA;7,31;NA;17,04;NA;NA;NA;NA;NA;NA;109,17;NA;NA;NA;NA;NA;NA;NA;NA;NA;NA;NA;NA;NA;NA;NA;NA;NA;NA;NA;NA;NA;NA;NA;NA;NA;NA
"100";100;"";NA;"de";1335775689;"2026-03-28 15:25:05";"2026-03-28 15:25:05";NA;NA;NA;"N. v.";"N. v.";"N. v.";NA;"N. v.";"";"";NA;"";"";"";NA;NA;NA;NA;NA;"";"";NA;"";"";"";NA;"";NA;NA;0;NA;NA;NA;NA;NA;NA;NA;NA;NA;NA;NA;NA;NA;NA;NA;NA;NA;NA;NA;NA;NA;NA;NA;NA;NA;NA;NA;NA;NA;NA;NA;NA;NA;NA;NA;NA;NA;NA
"101";101;"";NA;"de";1820548457;"2026-03-28 15:32:37";"2026-03-28 15:32:37";NA;NA;NA;"N. v.";"N. v.";"N. v.";NA;"N. v.";"";"";NA;"";"";"";NA;NA;NA;NA;NA;"";"";NA;"";"";"";NA;"";NA;NA;0;NA;NA;NA;NA;NA;NA;NA;NA;NA;NA;NA;NA;NA;NA;NA;NA;NA;NA;NA;NA;NA;NA;NA;NA;NA;NA;NA;NA;NA;NA;NA;NA;NA;NA;NA;NA;NA;NA
"102";102;"";NA;"de";180761016;"2026-03-28 15:36:28";"2026-03-28 15:36:28";NA;NA;NA;"N. v.";"N. v.";"N. v.";NA;"N. v.";"";"";NA;"";"";"";NA;NA;NA;NA;NA;"";"";NA;"";"";"";NA;"";NA;NA;0;NA;NA;NA;NA;NA;NA;NA;NA;NA;NA;NA;NA;NA;NA;NA;NA;NA;NA;NA;NA;NA;NA;NA;NA;NA;NA;NA;NA;NA;NA;NA;NA;NA;NA;NA;NA;NA;NA
"103";103;"2026-03-28 16:11:43";12;"de";1986785934;"2026-03-28 16:02:12";"2026-03-28 16:11:43";NA;NA;22;"Ja";"Ja";"Nein";NA;"Nein";"Weiblich";"Gymnasium/Maturität";NA;"Zug (ZG)";"Zug (ZG)";"2 - Links";20;2;NA;NA;NA;"Keine der oben genannten";"BAG interne Wissenschaftler:innen, darunter eine Coautorin des Berichts";2038;"2058";"5";"4";5;"Je mehr man vom Gesundheitswesen abhängig ist, desto genauer liest man den Text.";NA;NA;624,98;6,39;NA;11,28;NA;16,77;NA;NA;NA;NA;NA;NA;40,81;NA;NA;NA;NA;NA;NA;NA;123,01;NA;NA;NA;190,59;NA;41,55;NA;NA;NA;NA;21,62;NA;39,13;NA;29,16;NA;104,67;NA
"104";104;"";5;"de";2102496443;"2026-03-28 16:12:06";"2026-03-28 16:13:17";NA;NA;20;"Ja";"Ja";"Nein";NA;"Nein";"Weiblich";"Gymnasium/Maturität";NA;"Zürich (ZH)";"Zürich (ZH)";"2 - Links";20;1;NA;NA;NA;"";"";NA;"";"";"";NA;"";NA;NA;72,79;4,79;NA;7,55;NA;15,07;NA;NA;NA;NA;NA;NA;45,38;NA;NA;NA;NA;NA;NA;NA;NA;NA;NA;NA;NA;NA;NA;NA;NA;NA;NA;NA;NA;NA;NA;NA;NA;NA;NA
"105";105;"2026-03-28 16:36:19";12;"de";2122317745;"2026-03-28 16:25:23";"2026-03-28 16:36:19";NA;NA;21;"Ja";"Ja";"Nein";NA;"Nein";"Weiblich";"Gymnasium/Maturität";NA;"Aargau (AG)";"Aargau (AG)";"Keine Angabe";30;2;NA;NA;NA;"1/3";"BAG interne Wissenschaftler:innen, darunter eine Coautorin des Berichts";2038;"2058";"5";"6";5;"Aufmerksamkeit testen. Genauigkeit im lesen.";NA;NA;744,75;7,39;NA;12,11;NA;13,33;NA;NA;NA;NA;NA;NA;52,67;NA;NA;NA;NA;NA;NA;NA;156,15;NA;NA;NA;185,57;NA;59,66;NA;NA;NA;NA;28,78;NA;24,94;NA;30,14;NA;174,01;NA
"106";106;"";11;"de";482763478;"2026-03-28 16:45:07";"2026-03-28 16:55:28";NA;NA;25;"Ja";"Ja";"Nein";NA;"Nein";"Weiblich";"Bachelorabschluss (Universität/ETH)";NA;"Luzern (LU)";"Luzern (LU)";"3 - Eher links";4;2;NA;NA;NA;"1/3";"BAG interne Wissenschaftler:innen, darunter eine Coautorin des Berichts";2058;"2038";"5";"5";5;"Wie Texte verarbeitet werden";NA;NA;623,78;23,62;NA;9,58;NA;14,67;NA;NA;NA;NA;NA;NA;43,87;NA;NA;NA;NA;NA;NA;NA;125,68;NA;NA;NA;221,77;NA;68,14;NA;NA;NA;NA;27,13;NA;25,71;NA;63,61;NA;NA;NA
"107";107;"2026-03-28 17:03:59";12;"de";223009005;"2026-03-28 16:52:23";"2026-03-28 17:03:59";NA;NA;21;"Ja";"Ja";"Nein";NA;"Nein";"Weiblich";"Gymnasium/Maturität";NA;"Zürich (ZH)";"Zürich (ZH)";"3 - Eher links";1;1;NA;NA;NA;"1/2";"BAG interne Wissenschaftler:innen, darunter eine Coautorin des Berichts";2038;"2058";"3";"4";5;"Wie gut ich verschiedene texte aufnehmen kann";NA;NA;695,49;2,79;NA;7,17;NA;16,88;NA;NA;NA;NA;NA;NA;84,98;NA;NA;NA;NA;NA;NA;NA;142,93;NA;NA;NA;256,4;NA;52,57;NA;NA;NA;NA;28,07;NA;26,98;NA;42,68;NA;34,04;NA
"108";108;"2026-03-28 17:14:20";12;"de";1668802997;"2026-03-28 17:02:23";"2026-03-28 17:14:20";NA;NA;25;"Ja";"Ja";"Nein";NA;"Nein";"Weiblich";"Bachelorabschluss (Universität/ETH)";NA;"Luzern (LU)";"Luzern (LU)";"3 - Eher links";6;1;NA;NA;NA;"1/4";"BAG interne Wissenschaftler:innen, darunter eine Coautorin des Berichts";2058;"2038";"3";"3";5;"Welche Informationen aus einem Text man eher erinnern und abrufen kann. 
Gibt es Unterschiede zwischen dem erstgelesenen und zweitgelesenen Text. ";NA;NA;790,53;37,84;NA;20,24;NA;19,48;NA;NA;NA;NA;NA;NA;60,06;NA;NA;NA;NA;NA;NA;NA;129,62;NA;NA;NA;194,6;NA;59,3;NA;NA;NA;NA;40,17;NA;49,01;NA;38,4;NA;141,81;NA
"109";109;"2026-03-28 17:25:43";12;"de";1109858905;"2026-03-28 17:13:11";"2026-03-28 17:25:43";NA;NA;20;"Ja";"Ja";"Nein";NA;"Nein";"Weiblich";"Gymnasium/Maturität";NA;"Zürich (ZH)";"Luzern (LU)";"2 - Links";15;1;NA;NA;NA;"2/5";"Journalist für Keystone-SDA";2038;"2034";"6";"4";5;"Zu analysieren, wie viel sich Menschen merken können mit zwei Texten, die man kurz aufeinander lesen muss sowie ob der Text unsere Meinung beeinflusst.";NA;NA;904,82;3,25;NA;4,22;NA;17,94;NA;NA;NA;NA;NA;NA;70,8;NA;NA;NA;NA;NA;NA;NA;124,13;NA;NA;NA;183,76;NA;84,75;NA;NA;NA;NA;31,18;NA;52,78;NA;31,6;NA;300,41;NA
"110";110;"2026-03-28 17:30:48";12;"de";175126202;"2026-03-28 17:15:39";"2026-03-28 17:30:48";NA;NA;18;"Ja";"Ja";"Nein";NA;"Nein";"Männlich";"Gymnasium/Maturität";NA;"Zürich (ZH)";"Zürich (ZH)";"2 - Links";10;1;NA;NA;NA;"Keine der oben genannten";"Kritiker Patrick Mäder, Forscher am unabhängigen Wirtschaftsinstitut NJL";2038;"2058";"2";"2";5;"Erinnerung ";NA;NA;911,38;3,37;NA;2,9;NA;29,09;NA;NA;NA;NA;NA;NA;97,31;NA;NA;NA;NA;NA;NA;NA;172,44;NA;NA;NA;361,6;NA;66,18;NA;NA;NA;NA;61,29;NA;53,96;NA;45,75;NA;17,49;NA
"111";111;"";5;"de";997201301;"2026-03-28 17:38:45";"2026-03-28 17:43:23";NA;NA;21;"Ja";"Ja";"Nein";NA;"Nein";"Weiblich";"Gymnasium/Maturität";NA;"Luzern (LU)";"Luzern (LU)";"3 - Eher links";20;2;NA;NA;NA;"";"";NA;"";"";"";NA;"";NA;NA;279,37;22,59;NA;21,35;NA;21,91;NA;NA;NA;NA;NA;NA;213,52;NA;NA;NA;NA;NA;NA;NA;NA;NA;NA;NA;NA;NA;NA;NA;NA;NA;NA;NA;NA;NA;NA;NA;NA;NA;NA
"112";112;"";5;"de";1635027420;"2026-03-28 17:43:55";"2026-03-28 17:46:40";NA;NA;21;"Ja";"Ja";"Nein";NA;"Nein";"Weiblich";"Gymnasium/Maturität";NA;"Luzern (LU)";"Nidwalden (NW)";"2 - Links";10;2;NA;NA;NA;"";"";NA;"";"";"";NA;"";NA;NA;164,97;74,23;NA;9;NA;12,64;NA;NA;NA;NA;NA;NA;69,1;NA;NA;NA;NA;NA;NA;NA;NA;NA;NA;NA;NA;NA;NA;NA;NA;NA;NA;NA;NA;NA;NA;NA;NA;NA;NA
"113";113;"";NA;"de";569857505;"2026-03-28 17:53:55";"2026-03-28 17:53:55";NA;NA;NA;"N. v.";"N. v.";"N. v.";NA;"N. v.";"";"";NA;"";"";"";NA;NA;NA;NA;NA;"";"";NA;"";"";"";NA;"";NA;NA;0;NA;NA;NA;NA;NA;NA;NA;NA;NA;NA;NA;NA;NA;NA;NA;NA;NA;NA;NA;NA;NA;NA;NA;NA;NA;NA;NA;NA;NA;NA;NA;NA;NA;NA;NA;NA;NA;NA
"114";114;"";5;"de";823043552;"2026-03-28 18:00:28";"2026-03-28 18:04:48";NA;NA;21;"Ja";"Ja";"Nein";NA;"Ja";"Weiblich";"Gymnasium/Maturität";NA;"Tessin / Ticino (TI)";"Tessin / Ticino (TI)";"3 - Eher links";21;1;NA;NA;NA;"";"";NA;"";"";"";NA;"";NA;NA;259,89;3,72;NA;3,77;NA;22,26;NA;NA;NA;NA;NA;NA;230,14;NA;NA;NA;NA;NA;NA;NA;NA;NA;NA;NA;NA;NA;NA;NA;NA;NA;NA;NA;NA;NA;NA;NA;NA;NA;NA
"115";115;"2026-03-28 18:23:55";12;"de";670528660;"2026-03-28 18:13:33";"2026-03-28 18:23:55";NA;NA;20;"Ja";"Ja";"Nein";NA;"Nein";"Weiblich";"Gymnasium/Maturität";NA;"Zürich (ZH)";"Zürich (ZH)";"4 - Mitte";10;1;NA;NA;NA;"1/3";"Kritiker Patrick Mäder, Forscher am unabhängigen Wirtschaftsinstitut NJL";2038;"2058";"4";"5";5;"Herauszufinden wie genau wir artikel lesen aber auch wie uns alltagsthemen beinflussen";NA;NA;584,26;2,06;NA;2,51;NA;10,83;NA;NA;NA;NA;NA;NA;23,46;NA;NA;NA;NA;NA;NA;NA;117,07;NA;NA;NA;236,14;NA;30;NA;NA;NA;NA;35,98;NA;50,39;NA;64,13;NA;11,69;NA
"116";116;"";7;"de";559912916;"2026-03-28 19:21:21";"2026-03-28 19:28:39";NA;NA;20;"Ja";"Ja";"Nein";NA;"Nein";"Weiblich";"Gymnasium/Maturität";NA;"Zürich (ZH)";"Luzern (LU)";"2 - Links";20;1;NA;NA;NA;"";"";NA;"";"";"";NA;"";NA;NA;438,14;4,98;NA;3,39;NA;16,29;NA;NA;NA;NA;NA;NA;79,46;NA;NA;NA;NA;NA;NA;NA;138,85;NA;NA;NA;195,17;NA;NA;NA;NA;NA;NA;NA;NA;NA;NA;NA;NA;NA;NA
"117";117;"2026-03-28 20:49:32";12;"de";1539282646;"2026-03-28 20:33:04";"2026-03-28 20:49:32";NA;NA;21;"Ja";"Ja";"Nein";NA;"Nein";"Weiblich";"Gymnasium/Maturität";NA;"Luzern (LU)";"Keine Angabe";"2 - Links";1;1;NA;NA;NA;"3/5";"BAG interne Wissenschaftler:innen, darunter eine Coautorin des Berichts";2038;"2058";"3";"3";5;"Verhältnis zwischen Lesezeit und Anzahl korrekter Antworten";NA;NA;1064,56;4,11;NA;28,89;NA;17,14;NA;NA;NA;NA;NA;NA;63,2;NA;NA;NA;NA;NA;NA;NA;252,98;NA;NA;NA;344,89;NA;42,87;NA;NA;NA;NA;37,55;NA;49,81;NA;72,42;NA;150,7;NA
"118";118;"2026-03-28 20:46:39";12;"de";761794828;"2026-03-28 20:34:30";"2026-03-28 20:46:39";NA;NA;25;"Ja";"Ja";"Nein";NA;"Ja";"Weiblich";"Gymnasium/Maturität";NA;"Zürich (ZH)";"Zürich (ZH)";"2 - Links";17;2;NA;NA;NA;"3/5";"Kritiker Patrick Mäder, Forscher am unabhängigen Wirtschaftsinstitut NJL";2038;"2058";"5";"6";5;"Testen, wie genau und aufmerksam Teilnehmende Text lesen";NA;NA;835,23;33,69;NA;8,14;NA;15,36;NA;NA;NA;NA;NA;NA;94,52;NA;NA;NA;NA;NA;NA;NA;125,49;NA;NA;NA;182,83;NA;40,5;NA;NA;NA;NA;26,2;NA;24,94;NA;77,72;NA;205,84;NA
"119";119;"";NA;"de";743690712;"2026-03-28 20:42:01";"2026-03-28 20:42:01";NA;NA;NA;"N. v.";"N. v.";"N. v.";NA;"N. v.";"";"";NA;"";"";"";NA;NA;NA;NA;NA;"";"";NA;"";"";"";NA;"";NA;NA;0;NA;NA;NA;NA;NA;NA;NA;NA;NA;NA;NA;NA;NA;NA;NA;NA;NA;NA;NA;NA;NA;NA;NA;NA;NA;NA;NA;NA;NA;NA;NA;NA;NA;NA;NA;NA;NA;NA
"120";120;"";9;"de";994750484;"2026-03-28 22:09:31";"2026-03-28 22:24:59";NA;NA;20;"Ja";"Ja";"Nein";NA;"Nein";"Weiblich";"Gymnasium/Maturität";NA;"Luzern (LU)";"Luzern (LU)";"4 - Mitte";5;1;NA;NA;NA;"3/5";"Professor für Datenanalyse";2038;"2058";"3";"4";5;"";NA;NA;931,2;46,15;NA;27,45;NA;23,33;NA;NA;NA;NA;NA;NA;100,17;NA;NA;NA;NA;NA;NA;NA;135,48;NA;NA;NA;184,38;NA;265,78;NA;NA;NA;NA;112,49;NA;35,97;NA;NA;NA;NA;NA
"121";121;"2026-03-28 23:24:44";12;"de";1129550262;"2026-03-28 23:10:11";"2026-03-28 23:24:44";NA;NA;19;"Ja";"Ja";"Nein";NA;"Nein";"Männlich";"Gymnasium/Maturität";NA;"Obwalden (OW)";"Bern (BE)";"1 - Sehr links";3;2;NA;NA;NA;"3/5";"BAG interne Wissenschaftler:innen, darunter eine Coautorin des Berichts";2058;"2038";"7 (stimme voll und ganz zu)";"6";5;"Was mit Aufmerksamkeit(?)";NA;NA;702,31;41,64;NA;26,33;NA;28,24;NA;NA;NA;NA;NA;NA;63,78;NA;NA;NA;NA;NA;NA;NA;143,22;NA;NA;NA;245,37;NA;34,18;NA;NA;NA;NA;20,96;NA;26,64;NA;63,31;NA;8,64;NA
"122";122;"2026-03-29 10:14:43";12;"de";128885385;"2026-03-29 10:05:01";"2026-03-29 10:14:43";NA;NA;21;"Ja";"Ja";"Nein";NA;"Nein";"Weiblich";"Berufsmaturität";NA;"Luzern (LU)";"Luzern (LU)";"3 - Eher links";0;1;NA;NA;NA;"2/5";"BAG interne Wissenschaftler:innen, darunter eine Coautorin des Berichts";2038;"2058";"6";"4";5;"Aufmerksamkeit und Verständnis ";NA;NA;630,09;22,47;NA;22,28;NA;12,56;NA;NA;NA;NA;NA;NA;59,77;NA;NA;NA;NA;NA;NA;NA;130,4;NA;NA;NA;190,65;NA;37,98;NA;NA;NA;NA;20,5;NA;18,89;NA;21,74;NA;92,85;NA
"123";123;"";NA;"de";196948633;"2026-03-29 11:25:06";"2026-03-29 11:25:06";NA;NA;NA;"N. v.";"N. v.";"N. v.";NA;"N. v.";"";"";NA;"";"";"";NA;NA;NA;NA;NA;"";"";NA;"";"";"";NA;"";NA;NA;0;NA;NA;NA;NA;NA;NA;NA;NA;NA;NA;NA;NA;NA;NA;NA;NA;NA;NA;NA;NA;NA;NA;NA;NA;NA;NA;NA;NA;NA;NA;NA;NA;NA;NA;NA;NA;NA;NA
"124";124;"2026-03-29 12:21:03";12;"de";1584351170;"2026-03-29 11:49:54";"2026-03-29 12:21:03";NA;NA;21;"Ja";"Ja";"Nein";NA;"Nein";"Weiblich";"Gymnasium/Maturität";NA;"Zürich (ZH)";"Zürich (ZH)";"4 - Mitte";4;1;NA;NA;NA;"1/3";"BAG interne Wissenschaftler:innen, darunter eine Coautorin des Berichts";2038;"2058";"4";"4";5;"Vielleicht wie stark Menschen den politischen Einfluss auf ihr persönliches Leben wahrnehmen und ob sich die Wahrnehmung verändert, sobald konkrete gesellschaftliche Themen genannt werden.  ";NA;NA;1872,23;45,78;NA;20,23;NA;17,97;NA;NA;NA;NA;NA;NA;112,13;NA;NA;NA;NA;NA;NA;NA;180,71;NA;NA;NA;352,92;NA;193,17;NA;NA;NA;NA;351,62;NA;348,78;NA;156,88;NA;92,04;NA
"125";125;"";11;"de";1905590953;"2026-03-29 12:10:42";"2026-03-29 12:30:54";NA;NA;43;"Ja";"Ja";"Nein";NA;"Nein";"Weiblich";"Masterabschluss (Universität/ETH)";NA;"Zürich (ZH)";"Zürich (ZH)";"2 - Links";10;1;NA;NA;NA;"3/5";"Journalist für Keystone-SDA";2058;"2038";"1 (stimme überhaupt nicht zu)";"1 (stimme überhaupt nicht zu)";5;"Wie Einstellung und Motivation zusammengehören?";NA;NA;1837,78;4,34;NA;4,98;NA;15,96;NA;NA;NA;NA;NA;NA;65,71;NA;NA;NA;NA;NA;NA;NA;1248,09;NA;NA;NA;322,6;NA;75,91;NA;NA;NA;NA;26,58;NA;62,29;NA;11,32;NA;NA;NA
"126";126;"2026-03-29 12:53:58";12;"de";538743017;"2026-03-29 12:37:34";"2026-03-29 12:53:58";NA;NA;55;"Ja";"Ja";"Nein";NA;"Nein";"Männlich";"Masterabschluss (Universität/ETH)";NA;"St. Gallen (SG)";"St. Gallen (SG)";"2 - Links";4;2;NA;NA;NA;"3/5";"BAG interne Wissenschaftler:innen, darunter eine Coautorin des Berichts";2038;"2058";"6";"5";5;"Qualität des Kurzzeitgedächtnisses / Aufnahmefähigkeit beim Lesen eines Textes ";NA;NA;936,59;4,49;NA;39,07;NA;29,76;NA;NA;NA;NA;NA;NA;130,77;NA;NA;NA;NA;NA;NA;NA;124,85;NA;NA;NA;186,35;NA;49,33;NA;NA;NA;NA;80,06;NA;132,74;NA;135,34;NA;23,83;NA
"127";127;"";11;"de";203596663;"2026-03-29 12:43:15";"2026-03-29 13:02:03";NA;NA;24;"Ja";"Ja";"Nein";NA;"Nein";"Weiblich";"Gymnasium/Maturität";NA;"Aargau (AG)";"Aargau (AG)";"2 - Links";60;1;NA;NA;NA;"1/3";"BAG interne Wissenschaftler:innen, darunter eine Coautorin des Berichts";2058;"2038";"4";"5";5;"Ob Leute die mehr von Gesundheitssystem abhängig sind, sich eher die wahrheit « schönbiegen » mit dem Fachkräftemangel";NA;NA;607,71;3,76;NA;5,26;NA;22,52;NA;NA;NA;NA;NA;NA;61,41;NA;NA;NA;NA;NA;NA;NA;135,1;NA;NA;NA;189,95;NA;59,73;NA;NA;NA;NA;35,56;NA;76,85;NA;17,57;NA;NA;NA
"128";128;"2026-03-29 13:16:57";12;"de";1507050194;"2026-03-29 12:59:12";"2026-03-29 13:16:57";NA;NA;23;"Ja";"Ja";"Nein";NA;"Ja";"Weiblich";"Bachelorabschluss (Universität/ETH)";NA;"Bern (BE)";"St. Gallen (SG)";"2 - Links";365;2;NA;NA;NA;"3/5";"BAG interne Wissenschaftler:innen, darunter eine Coautorin des Berichts";2038;"2058";"4";"5";5;"Genaues Lesen, Konzentrationsvermögen";NA;NA;1065,89;17,92;NA;31,23;NA;21,71;NA;NA;NA;NA;NA;NA;164,31;NA;NA;NA;NA;NA;NA;NA;238;NA;NA;NA;318,27;NA;53,97;NA;NA;NA;NA;69,02;NA;30,09;NA;109,78;NA;11,59;NA
"129";129;"2026-03-29 13:51:12";12;"de";991144096;"2026-03-29 13:42:49";"2026-03-29 13:51:12";NA;NA;21;"Ja";"Ja";"Nein";NA;"Nein";"Männlich";"Gymnasium/Maturität";NA;"Zürich (ZH)";"Zürich (ZH)";"2 - Links";3;1;NA;NA;NA;"3/4";"Keine der oben genannten";2038;"2058";"2";"5";5;"Aufmerksamkeit";NA;NA;505,04;5,39;NA;3,39;NA;11,28;NA;NA;NA;NA;NA;NA;38,88;NA;NA;NA;NA;NA;NA;NA;131,88;NA;NA;NA;193,96;NA;46,75;NA;NA;NA;NA;19,31;NA;7,41;NA;35,4;NA;11,39;NA
"130";130;"2026-03-29 15:13:49";12;"de";2056063231;"2026-03-29 14:54:43";"2026-03-29 15:13:49";NA;NA;21;"Ja";"Ja";"Nein";NA;"Ja";"Männlich";"Gymnasium/Maturität";NA;"Zürich (ZH)";"Zürich (ZH)";"4 - Mitte";20;2;NA;NA;NA;"Keine der oben genannten";"BAG interne Wissenschaftler:innen, darunter eine Coautorin des Berichts";2038;"2058";"6";"2";5;"Wie gut man sich Namen und Zahlen (Daten, Statistiken, etc..) merkt wenn man einen Text liest. ";NA;NA;1147,8;2,89;NA;13,06;NA;21,92;NA;NA;NA;NA;NA;NA;96,83;NA;NA;NA;NA;NA;NA;NA;233,45;NA;NA;NA;278,73;NA;89,56;NA;NA;NA;NA;40,65;NA;242,24;NA;123,93;NA;4,54;NA
"131";131;"";1;"de";207815696;"2026-03-29 15:28:33";"2026-03-29 15:28:42";NA;NA;NA;"N. v.";"N. v.";"N. v.";NA;"N. v.";"";"";NA;"";"";"";NA;NA;NA;NA;NA;"";"";NA;"";"";"";NA;"";NA;NA;8,62;8,62;NA;NA;NA;NA;NA;NA;NA;NA;NA;NA;NA;NA;NA;NA;NA;NA;NA;NA;NA;NA;NA;NA;NA;NA;NA;NA;NA;NA;NA;NA;NA;NA;NA;NA;NA;NA;NA
"132";132;"2026-03-29 15:52:43";12;"de";1975602521;"2026-03-29 15:38:09";"2026-03-29 15:52:43";NA;NA;21;"Ja";"Ja";"Nein";NA;"Nein";"Weiblich";"Gymnasium/Maturität";NA;"Luzern (LU)";"Luzern (LU)";"2 - Links";15;2;NA;NA;NA;"1/3";"Journalist für Keystone-SDA";2038;"2058";"6";"5";5;"meine aufmerksamkeit und antwortefähigkeit für fragen zu einem komplexen text zu testen";NA;NA;878,89;91,42;NA;21,69;NA;21,2;NA;NA;NA;NA;NA;NA;90,43;NA;NA;NA;NA;NA;NA;NA;181,19;NA;NA;NA;268,1;NA;67,56;NA;NA;NA;NA;36,73;NA;41,07;NA;54,58;NA;4,92;NA
"133";133;"";2;"de";1011941307;"2026-03-29 16:07:28";"2026-03-29 16:07:34";NA;NA;NA;"N. v.";"N. v.";"N. v.";NA;"N. v.";"";"";NA;"";"";"";NA;NA;NA;NA;NA;"";"";NA;"";"";"";NA;"";NA;NA;5,73;2,93;NA;2,8;NA;NA;NA;NA;NA;NA;NA;NA;NA;NA;NA;NA;NA;NA;NA;NA;NA;NA;NA;NA;NA;NA;NA;NA;NA;NA;NA;NA;NA;NA;NA;NA;NA;NA;NA
"134";134;"2026-03-29 16:59:35";12;"de";676673487;"2026-03-29 16:41:16";"2026-03-29 16:59:35";NA;NA;21;"Ja";"Ja";"Nein";NA;"Nein";"Männlich";"Gymnasium/Maturität";NA;"Zürich (ZH)";"Zürich (ZH)";"3 - Eher links";6;1;NA;NA;NA;"1/3";"Kritiker Patrick Mäder, Forscher am unabhängigen Wirtschaftsinstitut NJL";2028;"2058";"3";"6";5;"Druck aus zu üben auf die BAG";NA;NA;1021,77;57,76;NA;39,57;NA;19,11;NA;NA;NA;NA;NA;NA;101,13;NA;NA;NA;NA;NA;NA;NA;184,73;NA;NA;NA;323,96;NA;87,31;NA;NA;NA;NA;43,8;NA;50;NA;107,18;NA;7,22;NA
"135";135;"";1;"de";1976731199;"2026-03-29 16:41:19";"2026-03-29 16:41:23";NA;NA;NA;"N. v.";"N. v.";"N. v.";NA;"N. v.";"";"";NA;"";"";"";NA;NA;NA;NA;NA;"";"";NA;"";"";"";NA;"";NA;NA;4,36;4,36;NA;NA;NA;NA;NA;NA;NA;NA;NA;NA;NA;NA;NA;NA;NA;NA;NA;NA;NA;NA;NA;NA;NA;NA;NA;NA;NA;NA;NA;NA;NA;NA;NA;NA;NA;NA;NA
"136";136;"2026-03-29 16:59:02";12;"de";1257778061;"2026-03-29 16:41:47";"2026-03-29 16:59:02";NA;NA;18;"Ja";"Ja";"Nein";NA;"Nein";"Weiblich";"Gymnasium/Maturität";NA;"Luzern (LU)";"Luzern (LU)";"4 - Mitte";2;2;NA;NA;NA;"3/4";"Kritiker Patrick Mäder, Forscher am unabhängigen Wirtschaftsinstitut NJL";2038;"2053";"5";"5";5;"evtl. wie sich die Genauigkeit des Lesens auf die Meinung auswirklt";NA;NA;1153,22;16,42;NA;7,3;NA;23,39;NA;NA;NA;NA;NA;NA;109,97;NA;NA;NA;NA;NA;NA;NA;163,52;NA;NA;NA;301,68;NA;136,41;NA;NA;NA;NA;25,9;NA;50,17;NA;86,73;NA;231,73;NA
"137";137;"";11;"de";1062121425;"2026-03-29 17:22:47";"2026-03-29 17:35:44";NA;NA;20;"Ja";"Ja";"Nein";NA;"Nein";"Weiblich";"Gymnasium/Maturität";NA;"Luzern (LU)";"Luzern (LU)";"5 - Eher rechts";1;2;NA;NA;NA;"3/5";"BAG interne Wissenschaftler:innen, darunter eine Coautorin des Berichts";2038;"2058";"6";"1 (stimme überhaupt nicht zu)";5;"evtl. die Aufmerksamkeit zu prüfen, oder Vergleichbzwischen ausgeschriebenen Zahlen und Ziffern";NA;NA;848,43;71,17;NA;9,67;NA;19,22;NA;NA;NA;NA;NA;NA;140,84;NA;NA;NA;NA;NA;NA;NA;124,38;NA;NA;NA;240,49;NA;72,39;NA;NA;NA;NA;49,1;NA;47,61;NA;73,56;NA;NA;NA
"138";138;"";NA;"de";344529718;"2026-03-29 17:49:53";"2026-03-29 17:49:53";NA;NA;NA;"N. v.";"N. v.";"N. v.";NA;"N. v.";"";"";NA;"";"";"";NA;NA;NA;NA;NA;"";"";NA;"";"";"";NA;"";NA;NA;0;NA;NA;NA;NA;NA;NA;NA;NA;NA;NA;NA;NA;NA;NA;NA;NA;NA;NA;NA;NA;NA;NA;NA;NA;NA;NA;NA;NA;NA;NA;NA;NA;NA;NA;NA;NA;NA;NA
"139";139;"2026-03-29 20:08:02";12;"de";766614449;"2026-03-29 19:55:35";"2026-03-29 20:08:02";NA;NA;20;"Ja";"Ja";"Nein";NA;"Nein";"Weiblich";"Gymnasium/Maturität";NA;"Zürich (ZH)";"Zürich (ZH)";"3 - Eher links";10;2;NA;NA;NA;"3/5";"BAG interne Wissenschaftler:innen, darunter eine Coautorin des Berichts";2038;"2058";"5";"5";5;"Beeinflussung von Texten auf unsere Vorstellungen, wie sehr wir von den Entscheidungen unserer Regierung beeinflusst werden können.";NA;NA;814,6;4,02;NA;6,65;NA;16,84;NA;NA;NA;NA;NA;NA;102,83;NA;NA;NA;NA;NA;NA;NA;123,49;NA;NA;NA;228,36;NA;55,95;NA;NA;NA;NA;19,23;NA;64,61;NA;64,69;NA;127,93;NA
"140";140;"";11;"de";544347788;"2026-03-29 20:43:29";"2026-03-29 20:59:43";NA;NA;22;"Ja";"Ja";"Nein";NA;"Nein";"Weiblich";"Gymnasium/Maturität";NA;"St. Gallen (SG)";"St. Gallen (SG)";"3 - Eher links";9;2;NA;NA;NA;"Keine der oben genannten";"BAG interne Wissenschaftler:innen, darunter eine Coautorin des Berichts";2038;"2058";"6";"5";5;"Den Einfluss von Aufmerksamkeit auf das Textverständnis zu untersuchen? ";NA;NA;976,13;63,99;NA;24,85;NA;14,49;NA;NA;NA;NA;NA;NA;157,09;NA;NA;NA;NA;NA;NA;NA;126,5;NA;NA;NA;263,82;NA;78,55;NA;NA;NA;NA;48,27;NA;44,79;NA;153,78;NA;NA;NA
"141";141;"2026-03-29 21:19:41";12;"de";474259474;"2026-03-29 20:49:53";"2026-03-29 21:19:41";NA;NA;21;"Ja";"Ja";"Nein";NA;"Nein";"Männlich";"Gymnasium/Maturität";NA;"Zürich (ZH)";"Zürich (ZH)";"1 - Sehr links";3;2;NA;NA;NA;"1/3";"BAG interne Wissenschaftler:innen, darunter eine Coautorin des Berichts";2038;"2058";"5";"7 (stimme voll und ganz zu)";5;"-";NA;NA;1791,92;10,11;NA;11,06;NA;14,78;NA;NA;NA;NA;NA;NA;35,63;NA;NA;NA;NA;NA;NA;NA;162,91;NA;NA;NA;374,47;NA;29,37;NA;NA;NA;NA;17,44;NA;12,3;NA;110,5;NA;1013,35;NA
"142";142;"2026-03-29 21:03:50";12;"de";1351377951;"2026-03-29 20:53:14";"2026-03-29 21:03:50";NA;NA;19;"Ja";"Ja";"Nein";NA;"Nein";"Weiblich";"Gymnasium/Maturität";NA;"Zürich (ZH)";"Zürich (ZH)";"2 - Links";3;1;NA;NA;NA;"Keine der oben genannten";"Kritiker Patrick Mäder, Forscher am unabhängigen Wirtschaftsinstitut NJL";2038;"2058";"1 (stimme überhaupt nicht zu)";"1 (stimme überhaupt nicht zu)";5;"aufmerksamkeitsspane";NA;NA;638,17;51,6;NA;5,74;NA;15,46;NA;NA;NA;NA;NA;NA;53,92;NA;NA;NA;NA;NA;NA;NA;130,96;NA;NA;NA;221,8;NA;46,36;NA;NA;NA;NA;25,42;NA;24,54;NA;57,55;NA;4,82;NA
"143";143;"";11;"de";1304940063;"2026-03-29 22:30:49";"2026-03-29 23:02:08";NA;NA;24;"Ja";"Ja";"Nein";NA;"Nein";"Männlich";"Gymnasium/Maturität";NA;"Zürich (ZH)";"Thurgau (TG)";"2 - Links";6;1;NA;NA;NA;"1/2";"BAG interne Wissenschaftler:innen, darunter eine Coautorin des Berichts";2058;"2038";"3";"2";5;"Lesegenauigkeit bei Zeitlimite";NA;NA;1881,27;10,67;NA;9,13;NA;17,86;NA;NA;NA;NA;NA;NA;56,41;NA;NA;NA;NA;NA;NA;NA;162,56;NA;NA;NA;275,24;NA;1274,33;NA;NA;NA;NA;33,96;NA;24,04;NA;17,07;NA;NA;NA
"144";144;"";1;"de";1581198720;"2026-03-29 22:35:11";"2026-03-29 22:36:53";NA;NA;NA;"N. v.";"N. v.";"N. v.";NA;"N. v.";"";"";NA;"";"";"";NA;NA;NA;NA;NA;"";"";NA;"";"";"";NA;"";NA;NA;97,77;97,77;NA;NA;NA;NA;NA;NA;NA;NA;NA;NA;NA;NA;NA;NA;NA;NA;NA;NA;NA;NA;NA;NA;NA;NA;NA;NA;NA;NA;NA;NA;NA;NA;NA;NA;NA;NA;NA
"145";145;"";11;"de";1287276406;"2026-03-30 07:16:04";"2026-03-30 07:30:34";NA;NA;20;"Ja";"Ja";"Nein";NA;"Nein";"Weiblich";"Gymnasium/Maturität";NA;"Aargau (AG)";"Solothurn (SO)";"1 - Sehr links";6;2;NA;NA;NA;"Keine der oben genannten";"BAG interne Wissenschaftler:innen, darunter eine Coautorin des Berichts";2038;"2058";"6";"6";5;"Aufmerksames Lesen und Verstehen von politischen Texten, die einen Effekt auf uns als Bevölkerung haben.";NA;NA;871,63;6,07;NA;5,22;NA;17,03;NA;NA;NA;NA;NA;NA;87,72;NA;NA;NA;NA;NA;NA;NA;175,57;NA;NA;NA;321,79;NA;81,03;NA;NA;NA;NA;34,08;NA;107,9;NA;35,22;NA;NA;NA
"146";146;"2026-03-30 08:57:33";12;"de";1355595766;"2026-03-30 08:41:22";"2026-03-30 08:57:33";NA;NA;21;"Ja";"Ja";"Nein";NA;"Nein";"Männlich";"Berufsmaturität";NA;"Zürich (ZH)";"Zürich (ZH)";"5 - Eher rechts";0;2;NA;NA;NA;"3/5";"BAG interne Wissenschaftler:innen, darunter eine Coautorin des Berichts";2058;"2038";"4";"3";5;"Die Aufmerksamkeit der Leser zu analysieren";NA;NA;975,18;19,8;NA;11,67;NA;16,52;NA;NA;NA;NA;NA;NA;102,63;NA;NA;NA;NA;NA;NA;NA;126,63;NA;NA;NA;452,56;NA;39,81;NA;NA;NA;NA;40,72;NA;43,08;NA;85,53;NA;36,23;NA
"147";147;"2026-03-30 09:38:38";12;"de";1404180591;"2026-03-30 09:22:02";"2026-03-30 09:38:38";NA;NA;19;"Ja";"Ja";"Nein";NA;"Nein";"Weiblich";"Gymnasium/Maturität";NA;"St. Gallen (SG)";"St. Gallen (SG)";"2 - Links";1;2;NA;NA;NA;"1/4";"BAG interne Wissenschaftler:innen, darunter eine Coautorin des Berichts";2038;"2058";"5";"4";5;"-";NA;NA;999,43;53,58;NA;65,89;NA;16,99;NA;NA;NA;NA;NA;NA;61,94;NA;NA;NA;NA;NA;NA;NA;139,46;NA;NA;NA;341,2;NA;72,73;NA;NA;NA;NA;25,91;NA;158,75;NA;54,12;NA;8,86;NA
"148";148;"";11;"de";1052679408;"2026-03-30 09:43:04";"2026-03-30 09:57:07";NA;NA;40;"Ja";"Ja";"Nein";NA;"Nein";"Weiblich";"Masterabschluss (Universität/ETH)";NA;"Luzern (LU)";"Luzern (LU)";"4 - Mitte";1;2;NA;NA;NA;"3/5";"BAG interne Wissenschaftler:innen, darunter eine Coautorin des Berichts";2058;"2038";"6";"5";5;"Ich habe es nicht ganz verstanden/mir gemerkt, weil das Ziel der Studie in meiner Erinnerung nicht im Zentrum des Artikels stand, sondern der Fehler der Jahreszahl. Grob erinnert geht es wohl in die Richtung der Versorungssicherheit der Schweizer Bevölkerung";NA;NA;845,11;53,18;NA;24,97;NA;22,17;NA;NA;NA;NA;NA;NA;55,91;NA;NA;NA;NA;NA;NA;NA;138,63;NA;NA;NA;270,94;NA;45,86;NA;NA;NA;NA;45,54;NA;79,77;NA;108,14;NA;NA;NA
"149";149;"";NA;"de";785834322;"2026-03-30 11:33:41";"2026-03-30 11:33:41";NA;NA;NA;"N. v.";"N. v.";"N. v.";NA;"N. v.";"";"";NA;"";"";"";NA;NA;NA;NA;NA;"";"";NA;"";"";"";NA;"";NA;NA;0;NA;NA;NA;NA;NA;NA;NA;NA;NA;NA;NA;NA;NA;NA;NA;NA;NA;NA;NA;NA;NA;NA;NA;NA;NA;NA;NA;NA;NA;NA;NA;NA;NA;NA;NA;NA;NA;NA
"150";150;"";1;"de";1016390371;"2026-03-30 12:32:14";"2026-03-30 12:32:18";NA;NA;NA;"N. v.";"N. v.";"N. v.";NA;"N. v.";"";"";NA;"";"";"";NA;NA;NA;NA;NA;"";"";NA;"";"";"";NA;"";NA;NA;4,03;4,03;NA;NA;NA;NA;NA;NA;NA;NA;NA;NA;NA;NA;NA;NA;NA;NA;NA;NA;NA;NA;NA;NA;NA;NA;NA;NA;NA;NA;NA;NA;NA;NA;NA;NA;NA;NA;NA
